cookie_id,score
ck_99a4e5ef02d89493,0.7613363210429822
ck_54d463f7fd89ec3d,0.5458952943573029
ck_0fbbc7a6af300368,0.5774292116520676
ck_8fd4937eadd64fb6,0.22868201262986354
ck_dbb4bd4eda97255d,0.5392136891423915
ck_6e67225ba59fa5ae,0.8649826848645346
ck_94b59bbc824b307a,0.22367080871867998
ck_b87e88ee5512ea17,0.04420452230596862
ck_36789ca11459131e,0.6378081075575474
ck_4364a83a11743888,0.32821348543491546
ck_cf59f4fc0ea690b2,0.18578121817070686
ck_bfdd232a7c5f2660,0.44330820941128535
ck_84092e23d5ef4d51,0.665512324302302
ck_c2925c50ebacbdba,0.4060297412915054
ck_66c9a19963957531,0.8595233245060093
ck_d637a011332ba67a,0.4554084334895091
ck_1bd753a4681946c8,0.9703401914850276
ck_c30c5844512e429f,0.7731513546547157
ck_396cea6f95186ad2,0.44290079445915664
ck_64a02b7b96149810,0.07382358932572826
ck_b1ed2278f5f14d82,0.7702179669993888
ck_b153386f1729de81,0.40444082297820333
ck_601edf9105b3c321,0.9923405988999796
ck_d3a8333cb389f4c6,0.2630678345895294
ck_3c17841636f6f7dc,0.2332858015889183
ck_333544d173524f70,0.6440008148299042
ck_87c1d0a79e79c84b,0.5913220615196577
ck_585ababa02383b50,0.23511916887349765
ck_3e0149cdee4cb294,0.47520880016296596
ck_b864f64101149c35,0.9575881034833978
ck_5b2728f7cca414ae,0.008840904461193726
ck_cd7d24e3b095e96e,0.8322672642085964
ck_f3dc0725621b3a35,0.19466286412711348
ck_9eb08369e983abfa,0.25850478712568753
ck_7836bf6def26aa87,0.4906090853534325
ck_fd4582e3853ef23f,0.4120187410877979
ck_2cdad03ed069438c,0.36883275616215117
ck_614d936cef98db04,0.3948665716031778
ck_ecc18f40b33be769,0.8103483397840701
ck_a93560aa348d6225,0.7081279282949684
ck_90f3655f0c8a0074,0.13522102261152985
ck_a045a19369016818,0.9988999796292524
ck_69ab9d4784eb77bd,0.4701975962517825
ck_61129937ee466b49,0.6454267671623549
ck_74112e47b8629c2a,0.9056019555917703
ck_d841eba8906e9a15,0.34288042371155025
ck_78aa4b731cbfe251,0.7225096761051131
ck_25394c1b83e0b803,0.694031370951314
ck_16c501470d9bb006,0.037645141576695865
ck_69ff1b0aa143a168,0.04265634548787941
ck_6d64190623dea714,0.28384599714809533
ck_5d7721930106dce8,0.7326950499083317
ck_466d4b5366c50b98,0.15522509676105112
ck_641c8e7694b21f3b,0.6599307394581381
ck_66779098e78c1760,0.19026278264412305
ck_ed8f1200fc049c40,0.9527806070482787
ck_55f2ef0de3420e3e,0.8754532491342432
ck_968a99e097ee78c9,0.8455897331432063
ck_a98848eec6c9581e,0.6261560399266654
ck_7eaad325abe3b50c,0.15017315135465473
ck_834ca727df855f07,0.7442248930535751
ck_6b1ab0742ff04c3e,0.6130780199633327
ck_fcc2059a8d5c41fa,0.8149928702383378
ck_a96887f841e80fc1,0.44343043389692405
ck_718865237134ebe8,0.2774088409044612
ck_5df85a8924e11f27,0.7667141984110817
ck_958c0bd61820147f,0.4774088409044612
ck_b4331140b2e0d4aa,0.48983499694438787
ck_8153cdadd300d234,0.029456101038908132
ck_d4c1da5a1427fd6a,0.8665308616826237
ck_ac32c6e374782b27,0.6198411081686698
ck_465cb8ce232c7670,0.2212263190059075
ck_022a8ae79eb28cf6,0.9810959462212263
ck_7a7f3c4fe0c9d2ca,0.2940721124465268
ck_4802a0a7a1882c88,0.9179058871460581
ck_8b5b5a6b5539e39b,0.9817885516398452
ck_9693b1eb70880205,0.4388673864330821
ck_59a164c40c03a45f,0.370177225504176
ck_154c8efb19dee665,0.38720717050315745
ck_149662b09d632e41,0.2688531269097576
ck_ddaf228487858bb8,0.8114076186596049
ck_76c23726cd7ca947,0.5478916276227338
ck_32eba3510c8eac5e,0.2781829293135058
ck_41dd44308e6a665a,0.8625381951517621
ck_efbdcd9c181e72ca,0.5034426563454879
ck_771247b5bc16c12a,0.4673864330820941
ck_692a9e8f504b9762,0.06225300468527195
ck_ceb017baa26e98c8,0.8358525157873293
ck_908b663b2dda94ad,0.6503564880831127
ck_29da59ea3bffb9d8,0.8302301894479527
ck_2795921a055643f6,0.3395396211040945
ck_fec888a7108ca52d,0.9790996129557955
ck_37dab6a0a536ed49,0.7529843145243431
ck_2c1def5c91c52a5b,0.9471990222041149
ck_0cb9f54928f4feee,0.5742921165206762
ck_677e1d0c14cbf569,0.3856997351802811
ck_192fdad892782daf,0.8709309431656143
ck_e5e2624b7fc89774,0.7551843552658383
ck_5138f6c575dec64c,0.6121409655734366
ck_5f4a25ffd0b85a47,0.649256467712365
ck_aebb42afe430e2e9,0.13526176410674273
ck_44e9a18a8645c9d3,0.18851089834996945
ck_79ba8e85678d0224,0.21022611529843144
ck_ef1a1de20d2124cb,0.7002240782236708
ck_e7d903c50d353361,0.9195355469545732
ck_bcbd8588a13f5eef,0.030230189447952742
ck_80e3041811033443,0.5716439193318394
ck_bdee1221b9addff8,0.18349969443878592
ck_dfc933493561d84f,0.23161540028519045
ck_e0f9506a6d5f4a1a,0.8851497249949074
ck_a911a066ff0f7b56,0.39816663271542063
ck_5c45968a805132e0,0.6470156854756569
ck_152820d8817f478c,0.5968629048686087
ck_13f03ec785cbdae1,0.04787125687512732
ck_a662b4bf900781e4,0.022163373395803626
ck_0c0dde42ab64ef87,0.7443063760440007
ck_cb3a40594da6a2ee,0.713790996129558
ck_a69084a068bcc8aa,0.7548991647993482
ck_f3bce4eccfa6d6bb,0.20684457119576288
ck_794d8935a895e33f,0.7163169688327562
ck_5f217bfe28954e75,0.9725402322265226
ck_9700a00ff9e66216,0.47842737828478304
ck_9a66cb13a9884cc2,0.6953350987981259
ck_522477be6376b450,0.31045019352210224
ck_4f6ed5ea5ab7c429,0.8240782236708086
ck_f5882e6f98b8b4cd,0.16520676308820534
ck_ec01ae5351500355,0.2739865553065798
ck_cc276f71ab6c08fd,0.5501324098594418
ck_b06ce826e593b210,0.6913016907720513
ck_1833c81d693c1e07,0.9492360969647586
ck_b4ad165ace910222,0.349439804440823
ck_7ce44f4e06d58111,0.8737421063353026
ck_804c5a1fa5753617,0.7572214300264819
ck_db2c0908150cb2cc,0.6719902220411489
ck_8530158e3d7f59e7,0.403585251578733
ck_efbc79246e32c66a,0.7064575269912405
ck_dfaafdaefa5716b6,0.8011407618659605
ck_75f968be67f46d24,0.4660012222448564
ck_3715bfa7fed2c675,0.5182725606029741
ck_b5935e9722a39819,0.6930535750662049
ck_e83409471d2b0b44,0.663190059075168
ck_c729d19053387be9,0.6745976777347729
ck_38d4ed52cbe6d123,0.5718476268079039
ck_ea835557d7043667,0.28225707883479323
ck_95b48972061abe82,0.1289875738439601
ck_2981d16f8a51a8ed,0.6924424526380119
ck_30bf5b0056eea9e9,0.961132613566918
ck_a1c7adfe26e09a8c,0.7974740272968018
ck_1eeacc26f02fbba4,0.517987370136484
ck_044fa3b3a003f0b5,0.3293135058056631
ck_6cabb1a133f0b151,0.46082705235282134
ck_b71279e807d0b3a7,0.6070482786718272
ck_ba68841ca2ba073d,0.6869423507842738
ck_e1790b3aa2241b10,0.9630474638419231
ck_0bf48607a874b4d1,0.20501120391118355
ck_fa8a4a9e77799fcc,0.27333469138317373
ck_52c311f29ca3aca9,0.01132613566917906
ck_42c6973d3a6fe983,0.13917294764717864
ck_b524f7a2e752b9d0,0.6233856182521899
ck_14e58c3fb26a2b4d,0.3815441026685679
ck_ec9976cabc63ff92,0.22318191077612548
ck_9f50920c894f64e1,0.21100020370747608
ck_0259da8f109017e9,0.08885720105927888
ck_9d8e9ef37797d3af,0.9230393155428804
ck_2d28f14d3973d8fb,0.062253004685271944
ck_f5b1200dc6f95760,0.5469138317376248
ck_20d7571ba830009d,0.44603788959054796
ck_54978a073e7a0b1a,0.3825218985536769
ck_6236a461dc0d11a3,0.6472601344469342
ck_7d3a88d1aa649708,0.9385210837237727
ck_742f7c28ddd019e8,0.6670605011203912
ck_d979ef95ee44023d,0.6281523731920962
ck_c01c85bd631d4054,0.20232226522713387
ck_1e832a5b2342554f,0.3780403340802607
ck_9bf95f8c47e7c7b4,0.22273375432878387
ck_6b38763bf5ddbcef,0.7016500305561214
ck_bda4041a3e90d860,0.6728865349358322
ck_703499f5410280f7,0.17584029333876552
ck_1eabc15a94bd9009,0.4314931757995518
ck_d5bd8f68da073cd8,0.22179669993888773
ck_6e6258227fc8db7f,0.028967203096353637
ck_be9c46acd216b45d,0.4804237115502139
ck_e2f88e202b6f700a,0.6431452434304339
ck_353a272478f7e903,0.42587084946017517
ck_a2c9796ea229a4e2,0.25756773273579137
ck_acee218cbe61df69,0.6587492360969648
ck_9704c5cf8659cedc,0.49602770421674475
ck_4b0947bf94e9d847,0.8132409859441843
ck_bb113e3e6716ed65,0.6700346302709309
ck_60b4d59953505682,0.9582399674068038
ck_7dca4d7ee10b4eeb,0.21210022407822365
ck_4863077723cd6ce1,0.0520268893868405
ck_469a0578d05990c2,0.32250967610511305
ck_5db1cb368bc41ac3,0.4678753310246486
ck_b72c7ac4208052ab,0.3971888368303117
ck_abac514d8167ea58,0.7507435322876349
ck_6de2aa2bb60978d3,0.6382970055001018
ck_186dbff4b24a3bbf,0.828844978610715
ck_7f15503048915d6f,0.11790588714605826
ck_c35e03b0dd0c3454,0.3144428600529639
ck_2cf8a44e041217de,0.9052352821348544
ck_91955aab3424ad16,0.3667141984110817
ck_a032e8ac1507c6df,0.9529843145243431
ck_342a79f91de5d1fa,0.3162354858423304
ck_3ecd8a5ce65e21ca,0.7339172947647179
ck_45424ea6f0bc4650,0.9074760643715625
ck_41346ccd9242cc8f,0.07932369117946628
ck_35d6c510ad29362e,0.9328172743939702
ck_9de191bf79afd676,0.32788755347321247
ck_6de6b1663f9457f4,0.038500712976166224
ck_61814ae9b6d8eab1,0.5013240985944185
ck_60187ac2c473a662,0.9892849867590141
ck_c0b50c11e4f5adf7,0.6523935628437564
ck_062754f8b79b86e5,0.04856386229374618
ck_0027b5d4107d65d8,0.7073538398859238
ck_d61c837b0106085a,0.8290486860867794
ck_a99e0c258ad7576b,0.37241800774088407
ck_e76257caa98dc25d,0.9767773477286616
ck_9a65fcfc7916f93f,0.2019148502750051
ck_c972b0e781efed3b,0.11240578529232023
ck_3a632cdf2c19051b,0.33717661438174784
ck_9724718fe64c6557,0.9947443471175391
ck_d44dc3839a195c8a,0.7172540232226522
ck_2fc70b6baf6a0e26,0.31427989407211243
ck_b4911c42f3bff740,0.03475249541658179
ck_53428573abcd606f,0.8725198614789162
ck_c8198cb4c461304f,0.669016092890609
ck_852c50bbba1ead13,0.8428600529639437
ck_d5ef6dc116dee408,0.36708087186799754
ck_3ac528caac74f563,0.6846200855571399
ck_1b0b7c3d35ab1259,0.6354451008352007
ck_f1a9d832b700bda1,0.9801996333265431
ck_343e6ed2b9d35c01,0.38785903442656344
ck_803c0b4cf9d4bc1d,0.6752902831533917
ck_c457e9c9224b773d,0.5628030148706458
ck_d305b4d82f63f647,0.17042167447545326
ck_22bd0fc71f95e048,0.7559584436748829
ck_aab23b5470469649,0.47956814015074356
ck_fe0a9372c9372de9,0.3130983907109391
ck_f6c909c205767956,0.5370136484008963
ck_295bca29c34cfe2e,0.6857201059278876
ck_74e60495f8861156,0.6054186188633123
ck_bd20be9a3392d79b,0.25650845386025667
ck_952da7ca9f33decb,0.3597066612344673
ck_900d62b3184378c7,0.04689346099001833
ck_eafe9b89857149b5,0.511183540435934
ck_509cece86a558de4,0.2368303116724384
ck_c423aa6de3ed1e01,0.24428600529639438
ck_b5a84c5547378c10,0.07129761662253005
ck_9528e1d6b1707870,0.8457526991240578
ck_668c7fc7d7e47c0e,0.5318802200040742
ck_5d72ff6cc2963d1a,0.08331635771032797
ck_6c084bfcb38e96c3,0.8530861682623752
ck_66439e697695224c,0.1775106946424934
ck_e975002c979e12c7,0.7665512324302302
ck_8e039b23acaaac00,0.9053982481157059
ck_9ccb17c35e636c5e,0.3044611937258097
ck_abd3aa292f8edb4d,0.4682012629863516
ck_3ec9b9d8dd7be11c,0.3447952739865553
ck_d6f5c8741697abb3,0.48478305153799145
ck_5d75ea4f5c9080bc,0.9561621511509473
ck_a4db6e94a8f77f9d,0.6753717661438174
ck_01c1f06692566ca1,0.3825218985536769
ck_dac7c50bd6d0148f,0.056630678345895295
ck_857a1f5547b9ad68,0.3265023426359748
ck_aefd1ce3ce093cbd,0.21967814218781828
ck_7b59d22cadef3b05,0.9175799551843553
ck_6bc0e5b8c0b7d2bd,0.6944387859034427
ck_2c44ca550e5cfa82,0.6651049093501732
ck_e4ac22046699b99f,0.355591770217967
ck_ee7a515e87d17d4e,0.23018944795273988
ck_5e512ef5362a3dd6,0.09892035037685884
ck_df1f2dba802296be,0.9823996740680383
ck_49bdba9ee1899dfe,0.43723772662456717
ck_52730906e5b461eb,0.9589733143206356
ck_dab34cf6f0626c9b,0.4589529435730292
ck_f9d8b4813a88c1e6,0.37160317783662666
ck_c0c4be3f44311b04,0.21385210837237725
ck_ae3b47d6e1063704,0.24803422285597881
ck_533672fb40531607,0.8241189651660217
ck_2a244f1ae08ef83c,0.7156651049093501
ck_fe429ba3e1aa0e4f,0.2586270116113261
ck_18444be153bac1ca,0.923813403951925
ck_2ef76f1f36e8b869,0.8523528213485435
ck_99ee90946395d74d,0.9809737217355877
ck_bf2228a052815840,0.22358932572825424
ck_1bb212d1288b9689,0.5958036259930739
ck_9949f53c155b8dde,0.35473619881849666
ck_04a1a46f07885296,0.6434711753921368
ck_70c7679199776a90,0.41988184966388264
ck_231e6dd1fe708000,0.3136687716439194
ck_e013d88ea7939616,0.7681808922387452
ck_d229cf7f5a3f38ca,0.5177021796699939
ck_0ad6fa0e23c3bd0a,0.7604400081482992
ck_3a3daa8b376f2a18,0.15693623955999184
ck_f0d6633d0834fff5,0.8434711753921369
ck_5472214011fbc2a7,0.29684253412100225
ck_e0239e6ae30795a7,0.6196374006926054
ck_646bb3c7be5f0817,0.633041352617641
ck_a9e7f3b2d5dfd97b,0.0998981462619678
ck_d5ef1f6e34bb35b8,0.8131595029537584
ck_615277c8a4e2b18b,0.1208392748013852
ck_11318f7c041a5ba9,0.6198003666734568
ck_6d69e092f9b0848b,0.33342839682216335
ck_fbdac0221bc03f66,0.7702587084946018
ck_3854c08d17704347,0.6777755143613771
ck_a9989a3a94c26634,0.6221226319005908
ck_d3cfb3603f2c6ca3,0.7997555510287226
ck_ba54e0a1c328119b,0.9707068649419434
ck_ecfb771ed2352085,0.30617233652475045
ck_2401e8ff89e574fd,0.9323283764514156
ck_54e2eb018d947790,0.13469138317376247
ck_ad7269eaa65c67f9,0.4686494194336932
ck_cf2ca4f286e289ba,0.7793848034222857
ck_ccfc9ab888ba933d,0.411326135669179
ck_c881f26c9bf9ae42,0.9269912405785292
ck_a7afdac4ecbf2de4,0.9209614992870239
ck_57d0a7eb7eae2eaf,0.7339987777551435
ck_3fb95862b70f505c,0.6275819922591159
ck_5478eb69ef912785,0.8935424730087593
ck_bf4e7d48770a4a8b,0.8530454267671623
ck_5875828b11406398,0.42106335302505604
ck_3019afee83342701,0.8520268893868405
ck_dfa0ac11fcb1dabd,0.3034426563454879
ck_2d695f8358383092,0.4548380525565288
ck_7717fcb100dc4b5f,0.4988388673864331
ck_682262b455a9edd4,0.10617233652475046
ck_18270fee7c8fcee8,0.38427378284783054
ck_e6d3ce445b86003f,0.25084538602566714
ck_61d7b0568ec5d6cf,0.6571195762884497
ck_bd1bf9e3e29de281,0.7634956202892647
ck_7ea0bf310fc20c7b,0.9469545732328376
ck_328696b8f5e54ec6,0.8602566714198412
ck_1507f5aa50cdf3a0,0.3261764106742717
ck_ca10102961f99eb4,0.23035241393359138
ck_61b79dec96d15713,0.060215929924628236
ck_ca7b993e8286af7f,0.9211244652678754
ck_c9dcd92b2f836b61,0.8460786310857609
ck_fe2fc7d6e5d83f09,0.6987573843960073
ck_b6e3af0a5119d9a0,0.6603788959054797
ck_e535fb0f0c00418d,0.8048482379303321
ck_31109c899336348d,0.931920961499287
ck_d4e024fcda401a31,0.4621715216948462
ck_9cbef9bc95449dca,0.15656956610307599
ck_a397cd64ec5d644b,0.11888368303116725
ck_b0f191e44f9b6f35,0.7821144836015481
ck_3049d744b527f4d0,0.2813200244448971
ck_6f661b428d6fb8e4,0.4666123446730495
ck_da59ab47cb6284ad,0.07361988184966388
ck_5576ffc6aaf6f22c,0.030474638419229982
ck_8955d7b9030d5eb5,0.2579751476879202
ck_78a61215675b38f0,0.29871664290079447
ck_001e42551cd06e40,0.1906294561010389
ck_3b6057d51fd4c7d6,0.30715013240985944
ck_87110d84872c0fed,0.6819311468730902
ck_f034adb57391f3d7,0.670971684660827
ck_d84b5403da4cea7b,0.42835608066816055
ck_f04062216f95fa00,0.7172540232226523
ck_d9573100bbff4014,0.8535750662049297
ck_b5d0d223ef56473f,0.5554695457323284
ck_3aabf5e0f4defb41,0.6079853330617234
ck_ac449ee0c315edde,0.058789977592177634
ck_085d8c42739e2b10,0.9915257689957221
ck_937402a60df0821c,0.18288857201059278
ck_cd1dc68e441222b1,0.9764514157669586
ck_714c5d7cb17bc9f2,0.49834996944387855
ck_1d01b4a609918c4e,0.9504583418211449
ck_cc1c0b93d05b7d20,0.734854349154614
ck_46f4e1f5026f4d1b,0.029170910572418014
ck_779491819995625d,0.9394581381136689
ck_46bec0bff167ed3f,0.40415563251171316
ck_92d679d6ac7dcdcb,0.7106539009981667
ck_22a7cf3b99c5e5fd,0.8754125076390304
ck_09faa4e771cf876b,0.2849460175188429
ck_0b2eeb4e00ff7955,0.47154206559380724
ck_9843d0e61c37ebe8,0.9910368710531676
ck_e2f792fae128b18e,0.8428193114687309
ck_00aa5fc3b3bc66aa,0.7661438174781015
ck_3dc378f37d0b74b8,0.27936443267467914
ck_5e98ed6391d9f429,0.8391525768995722
ck_9036b2e5e9298a34,0.1717661438174781
ck_a1cdebfc42a52448,0.025667141984110818
ck_5f48762a14a0326f,0.046730495009166845
ck_8adb40b168b59d7c,0.8636382155225095
ck_c08e64d424e56c05,0.6990018333672845
ck_68914e67343a7d32,0.33306172336524753
ck_09e9c51eb538b255,0.26429007944591565
ck_f9a68da9e0f0bc85,0.2256671419841108
ck_498a0acd450944d8,0.11032796903646364
ck_67ab6f9e05c85085,0.4715420655938073
ck_aac70764dde15168,0.630148706457527
ck_e5ece47d0dd10526,0.8086779384803422
ck_aa8b9b36a099e4c8,0.7830922794866572
ck_8d2f62930777416b,0.7447137909961296
ck_8312c49b1431a406,0.3027907924220819
ck_6438ae81d43cb196,0.4720717050315747
ck_949f08f8e80e93ea,0.3463841922998574
ck_f9b439c9161c3e52,0.09003870442045223
ck_4dd4ed23e0b927b7,0.9152984314524344
ck_18b36d342b530af4,0.24954165817885515
ck_8c8c98cc694ac900,0.843756365858627
ck_74b502b20690ccfe,0.44738235893257283
ck_7f0c4f609673ef62,0.2507639030352414
ck_02241f3dc301bebf,0.5128946832348747
ck_6e5752b87324b58c,0.5437767366062334
ck_b4068439c413b150,0.588022000407415
ck_bc82fb1895fddde5,0.20717050315746588
ck_0a45d033d4e280ea,0.5733143206355673
ck_39a3f1da060e88bf,0.4795681401507435
ck_8f1cbc432e2774f8,0.8609085353432471
ck_8ef97b55a5fd6ec9,0.04367488286820126
ck_aded05ada490da20,0.4987166429007945
ck_335e63101b1e6c4c,0.8226115298431453
ck_e5c30947b732f661,0.7688327561621511
ck_f824b326d5089885,0.8963128946832348
ck_a4d7f6a5869d440a,0.9651252800977796
ck_58e20f5a3e7f11b8,0.9189244245263801
ck_a04403073c90ce38,0.0019963332654308412
ck_9eea37d2de633b27,0.4123446730495009
ck_fecb39c82c43e76d,0.19800366673456918
ck_f5adad75e1c06731,0.7993073945813811
ck_43dc13b6b6d31297,0.4876756976981056
ck_3acdb083e0d8ad61,0.16720309635363617
ck_54bfd70022c66983,0.36439193318394786
ck_c422ba389ff00781,0.010796496231411691
ck_b26cdb2b7b165d2e,0.8362599307394581
ck_4563227b2038ae07,0.8812385414544713
ck_355c4f29089731e8,0.944917498472194
ck_fa4211c4d826d830,0.014952128743124873
ck_e886ba71d4a6fd73,0.5867182725606029
ck_f76d929541ed41dd,0.2961499287023834
ck_0f37c554a5057801,0.9546139743328581
ck_0a7ba51d626e932a,0.49309431656141783
ck_55efc92394fee232,0.8471786514565085
ck_1df4b46c0a4c317d,0.7876960684457119
ck_ee52c7bf88f952ab,0.3632104298227745
ck_bc273f3ce79f7e1a,0.4318191077612548
ck_9371c700d9830326,0.6173966184558973
ck_65acc43a6dc3e65d,0.30177225504176
ck_b0ee3a98175b462d,0.23964147484212672
ck_dfbb2056f1ef7d3b,0.3607251986147892
ck_5043e474f848346d,0.5947036056223263
ck_6be8ae9d78148882,0.2899979629252394
ck_fd4cf578e87703ff,0.5344469342024851
ck_8b24eadf6c72b30c,0.931595029537584
ck_38c1c75cf055031b,0.5331839478508862
ck_c8001bdb9aafc8a6,0.25785292320228154
ck_d598fe8d2c779ab9,0.42941535954369525
ck_af25c72d16299258,0.22326339376655122
ck_0c1f088e17e46daf,0.6595233245060095
ck_6c7b41374f9b2e55,0.3781218170706865
ck_e4fd8cbd842b6993,0.038541454471379105
ck_220fda3c11c59b6c,0.807822367080872
ck_e3e95546a84d0ed8,0.5020167040130372
ck_53c8315b5c30acb4,0.30971684660827054
ck_fdcb1d9265d8fec1,0.5899775921776329
ck_94f4266ee7871345,0.5573029130169078
ck_7a7e40ee3f97c035,0.7490323894886942
ck_6a519bdac0d94527,0.03405988999796293
ck_ff30dda2c881a4bd,0.9062945610103891
ck_e7b4016909405981,0.07052352821348544
ck_1abb93f6924645e1,0.4647382358932573
ck_5e74fdadb93ff293,0.6649419433693217
ck_fc2a6e27b10b10e9,0.09333876553269506
ck_47ab8e51e5b3a2d8,0.22057445508250154
ck_246989b0c288664f,0.5504583418211448
ck_ddc7c1f3d45fe6e6,0.39727031982073746
ck_0acc3d8c67218b9d,0.34931757995518437
ck_4c840e5585a7b167,0.8809940924831943
ck_1d30eef7110809e5,0.909553880627419
ck_ebbc9418cd41f692,0.0904053778773681
ck_93cc12703b500613,0.6825015278060704
ck_5060aefcc8b6f958,0.3608066816052149
ck_0595c2a0c7881e05,0.5573029130169077
ck_d9735647a6b0b0a7,0.9275208800162966
ck_f89719a854fe11d7,0.7375025463434508
ck_d813e15ac91f487c,0.8038704420452232
ck_cb8551453a7bb929,0.4465675290283153
ck_8642e3b6d84f49d3,0.42644123039315546
ck_9ec7f334604a228f,0.3656141780403341
ck_e0b7e2c0bbe228d9,0.12780607048278672
ck_e7b40b60786c1530,0.05263801181503361
ck_edf229c17d25dac1,0.8631900590751681
ck_4424a5223ba2fe00,0.5661438174781015
ck_c96ae2c28086a059,0.5627215318802199
ck_ee40498cd97183d3,0.40065186392340596
ck_13d1b192bbff8f32,0.2590344265634549
ck_079bd18dacb704a8,0.8682420044815644
ck_884168153c9c0c81,0.21662253004685272
ck_dbe58392635133ca,0.6147076797718476
ck_9440335375701f44,0.8083112650234263
ck_9083ca9fec2a7f4c,0.4540639641474842
ck_2f9fd36a4a40a6a8,0.14789162762273375
ck_8bf46e472f3e20de,0.842493379507028
ck_a76ee3b3e3e522fd,0.8843756365858627
ck_9dd7daacb7833233,0.5785699735180281
ck_8eaf9509ad9462a0,0.11212059482583012
ck_c5517923458106ae,0.21723365247504584
ck_74a4244eb1f162e4,0.05182318191077613
ck_fe1b1adae3be70a6,0.9360765940110002
ck_571133b2aa8ead51,0.6961091872071705
ck_2b87683c90acb852,0.5098390710939091
ck_3f730318a9792292,0.5522917091057242
ck_70804f60d9704128,0.6807496435119169
ck_7356f47dbbbe7904,0.24180077408840903
ck_e7651fb87bb24132,0.5975147687920146
ck_4a59f4e10bf45d7f,0.10694642493379505
ck_98e337806104dd88,0.1938072927276431
ck_c39a9e75760e3201,0.20256671419841107
ck_39d5f6c17c745ab1,0.12886534935832145
ck_ccbdfe744acff8bb,0.7102464860460378
ck_d6ba7ffd2ae08863,0.5720920757791812
ck_0eeb3d9b3e697edb,0.4146261967814219
ck_2a65f1cc23f1180e,0.08299042574862497
ck_c91b7fccf6aeb4a5,0.5738847015685475
ck_e55b7fa67db1ec27,0.21796699938887756
ck_214af0806470ef48,0.4961906701975962
ck_7fbb709a0fe95759,0.051660215929924626
ck_4a9a791a1d409a3d,0.7933183947850886
ck_99e52c3c2530b69e,0.9983295986962721
ck_eb3fb1106f2f1b21,0.7219800366673457
ck_08b77ad5f8f73007,0.45153799144428597
ck_934fb5064b6eefe2,0.26620492972092075
ck_6a92cf5f4cf5de38,0.6039111835404359
ck_9ea5872f14cce338,0.627256060297413
ck_6ff6883633b8c7ba,0.13469138317376247
ck_f19030e6e85a6776,0.6218374414341006
ck_cdabe60ab59f9d5a,0.4561010389081279
ck_75fb7e56432ee4b2,0.6689346099001834
ck_bb84b2b30293f566,0.9350580566306783
ck_b898d912d1181ef9,0.69170910572418
ck_348a525791ae6475,0.8556936239559992
ck_18ddf7e836256e3b,0.2733754328783866
ck_5b73d7c5255e58a3,0.8053778773680993
ck_48d4d63beb26b623,0.51863923405989
ck_020eb0e454524ecd,0.06261967814218782
ck_961ddb8ff55d868e,0.11000203707476064
ck_109fc467ec0a4af5,0.8795681401507436
ck_a872df31b28a5f7f,0.8951313913220614
ck_f0093064aa28f4d0,0.4360969647586066
ck_2b699066665abe8a,0.841841515583622
ck_a17128972d3e507d,0.3917702179669994
ck_8f35d229b62c8f23,0.37567732735791404
ck_ef8a6af43fedd464,0.3060908535343247
ck_1e6628879e9d653c,0.29757588103483396
ck_0aa9db36eb16422a,0.08217559584436748
ck_b53e88c0e927d896,0.05809737217355877
ck_a9cd84a6dddfe584,0.3185984925646771
ck_b498fa91a0776ff6,0.5723365247504584
ck_69eda24e931fb36a,0.3785292320228153
ck_1f0bafec397da8e4,0.8675086575677328
ck_523dce06515b072d,0.7050723161540029
ck_404e2217fd87fdd2,0.14430637604400082
ck_6b954c75aad8c012,0.47031982073742107
ck_614f777c2eb5d537,0.22138928498675903
ck_7f8f864fcc90ca82,0.59645548991648
ck_58afa1550b3b5294,0.6283153391729477
ck_ca149244b54ef3ad,0.06335302505601956
ck_1573878386886290,0.23955999185170096
ck_7ecdee2d7127be8b,0.49464249337950705
ck_b667952253503174,0.3366062334487676
ck_c8307fecafa90140,0.49761662253004685
ck_99a92d710a29c1d0,0.39657771440211853
ck_bb6cf7e7b707731d,0.9579140354451008
ck_fe3c1d0ac090d960,0.8277449582399674
ck_fc60f42c68c7024f,0.5101650030556122
ck_f71a4094e889c3af,0.20631493175799553
ck_22311b037456a76e,0.08853126909757589
ck_fb90408f4892a21f,0.7672845793440619
ck_5866b413549765bf,0.22265227133835813
ck_2ac36e1dff211d38,0.676838459971481
ck_ba8affe4b9505a95,0.9509064982684865
ck_1b2d9cae92a1aab1,0.7455286209003871
ck_58f4c3ac61fda129,0.8453860256671419
ck_a378c58294001a36,0.9587696068445712
ck_afc484d1b6907983,0.3941332246893461
ck_030cf09525dba4ba,0.23145243430433896
ck_babb95a76c69509d,0.6307598288857201
ck_5662492a54e6688b,0.7343654512120594
ck_db4083a0d043def8,0.8526380118150336
ck_c0032232c2868328,0.21152984314524342
ck_cc91bd7152d3e9ba,0.4125483805255653
ck_c484c5bda389bf20,0.002851904664901202
ck_a7ea00a1760ad561,0.9783662660419636
ck_cc90e219f1ebf390,0.15632511713179875
ck_ddd65711b5651f89,0.04950091668364229
ck_f589f1e29301b5fd,0.6088816459564066
ck_8c6f059c95872126,0.04681197799959258
ck_87f82b2b5fee757a,0.5034833978407007
ck_3abfc010091d679d,0.427867182725606
ck_b8465b1a5666155b,0.5130983907109391
ck_f0bc3bdee6bfbb94,0.6399266653086169
ck_767e0be086b5f601,0.5729476471786514
ck_96810ad39d4cb7b0,0.5320839274801386
ck_9741a82faf5c7889,0.47903850071297616
ck_97ffae702f7c3d08,0.18325524546750865
ck_963762210edc5694,0.6993685068242005
ck_5ff6108056a3fef5,0.5132206151965777
ck_3168f4f2778d64e1,0.5270319820737421
ck_59d086fab5998646,0.5155428804237115
ck_43292f70a03ddf2b,0.6974943980444083
ck_0b259620eac51618,0.15119168873497657
ck_678e74532ac19700,0.5394988796088817
ck_52e1418cf1aa9871,0.4644123039315543
ck_4f875342394c110f,0.7796292523935628
ck_4f639f4ee6ce8d9e,0.7445100835200651
ck_36224a2d394ebfe4,0.8128743124872683
ck_fc4bfd6e739bddea,0.18464045630474638
ck_88ec57a11b11f702,0.9731920961499287
ck_896096cb167254ef,0.7362395599918516
ck_c920901b9a4ba993,0.9740476675493991
ck_2ff1860da2004c84,0.034059889997962924
ck_631ea1ae91ab333e,0.6273375432878386
ck_0b9fcff9667ec05a,0.3021389284986759
ck_d3eab7a06eb48348,0.8034630270930943
ck_4dec3df58077a257,0.5948665716031778
ck_73d3689728270a2b,0.13648400896312896
ck_961e7dbc217cfbbc,0.2852312079853331
ck_dd97429277a2fa00,0.5072316154002852
ck_5c37f7563fa7591d,0.4828274597677734
ck_f2ecab85d4693b4e,0.35013240985944183
ck_a0e3a2facd508e49,0.6492972092075779
ck_02e5f9cbbbf2f078,0.5712772458749236
ck_d064428b7e7dc409,0.31260949276838457
ck_4f463ef25325ddfa,0.9205540843348952
ck_a6fe344bbf67f14b,0.574740272968018
ck_e03b7d0fa0b28f4b,0.1722143002648197
ck_2f6b33bf46976229,0.13790996129557956
ck_9c60ae6958d68dbd,0.8974943980444081
ck_d730ff21bfd7769d,0.4474231004277857
ck_7048bedd554c703b,0.11827256060297413
ck_9e0383e1fb6e214d,0.8732939498879609
ck_733aff0f56f5b3c9,0.5278060704827867
ck_11af112667c98394,0.34426563454878795
ck_004efa95555437e9,0.5005907516805866
ck_7de6997178207800,0.6466082705235283
ck_68dd79a51eabf5e6,0.673253208392748
ck_0567302c57a2417e,0.6863719698512936
ck_59de511b20c842ba,0.4495009166836423
ck_f1ef5cf7f10b16c8,0.39580362599307395
ck_6a475fe324d7d790,0.5981666327154207
ck_31199510b40602a1,0.4103483397840701
ck_2a6d43b9f883b78e,0.9452026889386841
ck_788e78065526ee19,0.8306376044000814
ck_fdf89dc69f700f84,0.7745365654919536
ck_02a8582c2603e675,0.24827867182725605
ck_9c9e8a38bd5a6c88,0.6093705438989612
ck_1c2dcae19539e148,0.693990629456101
ck_c7a9c7b2eef46a99,0.3744550825015278
ck_d9f8efa6a7800f76,0.35318802200040744
ck_03c4fa4f3ed3512e,0.10829089427581992
ck_c80a94d4660041fe,0.8035037685883072
ck_4819327a78615485,0.2569158688123854
ck_ab3de3d3e41c2082,0.402892646160114
ck_e86ad2fe815b6ed9,0.5775921776329191
ck_c51131e53baa59c7,0.057486249745365654
ck_e963d8525018d072,0.41719291097983296
ck_a4a01fd45936b078,0.6180892238745161
ck_66aeb00e44486cda,0.9472397636993277
ck_838c52cc1d315ec3,0.4157262171521695
ck_d20d4ba60eec9945,0.7518435526583827
ck_1f1273a67cbad5e5,0.9275208800162966
ck_44e57a0bad5a0745,0.6391525768995722
ck_9df7e153868bca13,0.16569566103075983
ck_50d7c4dab837bf66,0.6202485231207986
ck_9cde4036d0914427,0.4313302098187003
ck_d557b9feb241b3ec,0.11057241800774088
ck_ba4a6b9aa63964ef,0.7212874312487267
ck_5ccc0c94e5e1f849,0.43226726420859646
ck_3cfeade2cf270fee,0.5566103075982889
ck_faeb0da678bb86c0,0.25699735180281114
ck_0f35e930d0614613,0.9842330413526177
ck_0e962eacf98a813e,0.1795477694031371
ck_c8b2e2cb349dd0ff,0.26225300468527196
ck_45f57fb8194cefc8,0.43564880831126507
ck_cf6aa24b92c4d33c,0.9689549806477897
ck_f3bc10e3decefce4,0.21511509472397639
ck_c2466fc40fc9d5ed,0.9823589325728255
ck_5ef50fb07b6737d5,0.41340395192503565
ck_8d0cd981ed3a183a,0.7312283560806682
ck_aeed557007d52e9c,0.15318802200040743
ck_dcef7887a4f1e435,0.5928294968425342
ck_6d6ac1f5dd882aa5,0.18138113668771644
ck_9e3fbd04e3532f32,0.9027093094316561
ck_b8e5244e650aa81b,0.6854756569566103
ck_975c2aa3d4a8c51a,0.311183540435934
ck_4f75144c6f3b13ad,0.7791403544510083
ck_0e7899a57cd617d6,0.06999388877571808
ck_df8ad2deb0a4ffed,0.6533306172336525
ck_cf7a022178165e56,0.1029537584029334
ck_5bc07deb82edbad7,0.250560195559177
ck_f2aa1b677619ab19,0.20118150336117335
ck_cb42e3be6fe87f60,0.2990018333672846
ck_4dfa1c1e9b69fcc8,0.5119576288449785
ck_23756522b58df5d8,0.12825422693012833
ck_c76f1bf40f3b787b,0.00708902016704013
ck_dc569c1167ccec0d,0.960114076186596
ck_1ce20e4223a936b1,0.4273375432878387
ck_6b97d1ab90f6bdeb,0.4963943776736606
ck_1e97899875bb427b,0.37441434100631493
ck_4b00e75c2d2d0522,0.03972295783255246
ck_e80883208e8d0453,0.6232226522713384
ck_636111f7f030496c,0.07215318802200041
ck_a2d0417791d4132d,0.35689549806477894
ck_7a7bb9be5a7e48ad,0.4336932165410471
ck_5d2b9e6e087b8dfc,0.9988592381340395
ck_6957905a65c47879,0.5767773477286616
ck_a33d2325f86ab12d,0.12136891423915258
ck_4df036e2aa7e1056,0.7969443878590344
ck_05ab5b03d0bf9ce4,0.893379507027908
ck_bc04f51c23290bcc,0.6006111224281931
ck_2ce8931af02a2ce3,0.5929109798329599
ck_dfba788f35d4c372,0.3147280505194541
ck_90eeca1cda79fd41,0.3752291709105724
ck_f96db2a1f3448d1f,0.4595233245060094
ck_af5842fa7202ff25,0.7219800366673457
ck_ea62ebfc1f04b49a,0.1942961906701976
ck_75bb521de55644c7,0.4111224281931147
ck_81a960fddf79ecf1,0.9683845997148095
ck_8da980cb2e1e2bfb,0.2761458545528621
ck_fa321945ebedb916,0.8675493990629456
ck_00dafc060c8de32a,0.5995111020574455
ck_f81a97d350397306,0.706009370543899
ck_255d87b7fb40caa5,0.5298431452434305
ck_d5eb179dc45394c6,0.5379099612955796
ck_628f449e248c19b7,0.8970869830922795
ck_d9506476ad3f9e08,0.7044611937258097
ck_e3f1d85fa5d49396,0.5798737013648401
ck_6f3a28eecd2c4031,0.7058056630678347
ck_46d8c029d46867b2,0.4228967203096354
ck_daf7aea023b7a8f6,0.451863923405989
ck_aa37993f1c17cd1e,0.554613974332858
ck_9c3aa9f23d01fa1c,0.6202485231207986
ck_9658a6ef471053f0,0.46103075982888575
ck_260cfe9141d249f1,0.9030352413933591
ck_8f6ce158c2902877,0.09411285394173965
ck_430a3d03be588201,0.09415359543695254
ck_b5f9dd00914b4db4,0.29472397636993275
ck_1c6820fc38135ad9,0.615522509676105
ck_1f22f04dfc08cf27,0.1950702790792422
ck_aa0a3179f1111674,0.2503157465878998
ck_9d4b5e6b43bad4d8,0.10926869016092891
ck_e3b3c5a80a567418,0.11016500305561214
ck_937f0da2306b2eb9,0.5650845386025667
ck_cce8b6657a538fe0,0.4822978203300061
ck_9e665618a4860306,0.12487268282745977
ck_8cd274cc85aa35d1,0.4037889590547973
ck_b7da6640fa2f49cf,0.929680179262579
ck_f568772b6cb3febe,0.7924220818904053
ck_e95c8cc1864bd584,0.02098187003463027
ck_66600620149c8799,0.16549195355469545
ck_81307759252571be,0.1382766347524954
ck_378a9df82b1e0bee,0.8983907109390915
ck_9ede89e8a43c3f53,0.6700753717661438
ck_2ae6949246ea2648,0.3655734365451212
ck_2c27b77c59d8f23b,0.8846608270523528
ck_94940d783e7988e6,0.29077205133428397
ck_2db10f987d137582,0.7590547973110613
ck_dac3852758f4ea89,0.05927887553473213
ck_b5a3e20fd210017d,0.7257282542269301
ck_3f7c870510083a51,0.20537787736809943
ck_96a89e720176b389,0.7535139539621104
ck_1aa87cb62acc0ac6,0.27361988184966385
ck_78cc5ec4940fec3b,0.5068649419433693
ck_31742076e9a998f8,0.5778773680994093
ck_3f9e6d356d3dd3cf,0.12605418618863312
ck_ab1b9d019921bca7,0.26649012018741086
ck_c8791f7ebd4d93c7,0.35579547769403136
ck_47a6005fabc33551,0.19767773477286615
ck_5a540b75c866166a,0.4493786921980037
ck_059e4fac6b7f704e,0.2623752291709106
ck_6c72a36b05fa0f4c,0.4252189855367692
ck_966a167758fddfd4,0.7824811570584641
ck_9ce743dd3e92549c,0.506987166429008
ck_08a6d4903a7fbaca,0.5751476879201467
ck_8e5999c436cf037e,0.05267875331024649
ck_acc764b49ef02826,0.9097575881034834
ck_7cc2e091806cfa5b,0.7412507639030352
ck_5ef935ac3d4d3332,0.6932572825422694
ck_a84f2cdf695a71d6,0.4564677123650438
ck_0a4d7acd2a53cbbd,0.36536972906905685
ck_c5e4a17d3efb19a4,0.8436341413729884
ck_8716cbf892c50e29,0.282664493786922
ck_b8c7771de9b57705,0.5911183540435934
ck_0deb56f3f6452818,0.4926054186188633
ck_c1e5182bd99e0e35,0.9421063353025056
ck_f786cbc987b70930,0.2416785496027704
ck_ab581082e8f72e3d,0.17331432063556734
ck_45e70c8a9686580c,0.7839071093909147
ck_6fce5a893613fd2c,0.003137095131391322
ck_003148504557f720,0.8398859238134039
ck_fffa0622344a36ab,0.1430433896924017
ck_d19bf4dc0627113d,0.15872886534935832
ck_a337eb38eefdcc88,0.8242004481564473
ck_d4b23804cebb045d,0.46938276634752496
ck_7bda5b5b927b2905,0.7706253819515176
ck_f8124911450fdf31,0.946180484823793
ck_b4d2f02d2cd45720,0.9615400285190466
ck_0f4e2ec66d50da5f,0.3643104501935221
ck_186161ce152836f5,0.4154817681808922
ck_e4d0a9e1102a58b5,0.4615603992666531
ck_a115a7919ac5875a,0.6607048278671828
ck_c8efa1538b37c359,0.43259319617029945
ck_4d9eb75e8eee90fd,0.6965166021592992
ck_9ea3d5a5a91fef9f,0.8446526787533102
ck_3c59df37895ead2d,0.42432267264208595
ck_ea269b35406473e8,0.15485842330413524
ck_2a5b31594206eb30,0.9100835200651864
ck_1fcc5843f39148a9,0.18500712976166225
ck_7951bd4eb99a0175,0.04668975351395396
ck_abcbde211b6267f8,0.7165614178040334
ck_7b922518f667f76a,0.03430433896924017
ck_0bfc394c5faa65cb,0.45178244041556326
ck_0bd77fea8ed75a15,0.7596659197392545
ck_7c77e597c951cdad,0.3053982481157058
ck_e72db9d4b2fc9997,0.9783662660419639
ck_ab01db9117acfe3d,0.687186799755551
ck_471e4018a23b4e56,0.7106946424933794
ck_4b31a8862a857e6e,0.9286616418822571
ck_87cf36a03bd63c24,0.9366877164391934
ck_adc576690df5b33b,0.5527806070482787
ck_02dbabda93c8c13d,0.811652067630882
ck_64f5eb4be9e7b8fa,0.9181095946221227
ck_43c1248db37a2eb0,0.24151558362191894
ck_b08afc91d9ca55db,0.19995925850478713
ck_237508ca4fb37268,0.7988184966388268
ck_982b0bf2e2b6c4f7,0.15514361377062538
ck_71c3a8e4c12c989f,0.2322265227133836
ck_41938582f4351772,0.5616215115094724
ck_642344e5c652d8df,0.3901812996536973
ck_cee56be5a502fbd1,0.708902016704013
ck_0f38d4aed68d7d24,0.928335709920554
ck_3ed4d13f12fd9d0e,0.6714198411081687
ck_1a9e51d092d62c84,0.9582807089020167
ck_22128a4f0d033422,0.36219189244245265
ck_c189b551bd111332,0.03031167243837849
ck_5d7801201749ffde,0.4147891627622734
ck_982c2392238b7be3,0.900183336728458
ck_bb4c6b713eb0b978,0.35522509676105113
ck_2605fd571219e28d,0.04066001222244857
ck_bd30853e9a57b544,0.8644530454267672
ck_a5276af466b681de,0.21711142798940725
ck_32e486859130458f,0.9651252800977796
ck_9e35b908fca1e4d7,0.11118354043593401
ck_c285a51ed6214f52,0.8932165410470565
ck_67674348e68d1f25,0.5545324913424323
ck_7878679065876b98,0.9029537584029333
ck_bd32dd3b2cbb7888,0.9958443674882869
ck_16dbafc035574654,0.24962314116928092
ck_c1c2cb49c3c1b0f5,0.887838663678957
ck_8f59f11b512d5b7c,0.6272968017926257
ck_c1b493527224a27a,0.20802607455693622
ck_e89d25ed7bdeeaea,0.21360765940110005
ck_9a84b396aada3fa8,0.6262782644123039
ck_d2fbd0df99634676,0.6673049500916683
ck_67a1aa88d2ea554a,0.7982888572010594
ck_ab2e3fc56f5b3aae,0.7117131798737013
ck_77c587d24695ea15,0.6776940313709514
ck_f0d806624ef3d359,0.5064982684864534
ck_160e9ba0a3f7c1fd,0.0845386025667142
ck_8c0210322733c718,0.2566714198411082
ck_ef261fc09be8eb0b,0.17115502138928498
ck_a2624e0387974e0e,0.6788755347321247
ck_6ecf56236789fc09,0.9673253208392748
ck_3af1eb88728ed8c7,0.2786310857608474
ck_5d8773badd0d4740,0.3535139539621104
ck_e794741742fb2619,0.4541047056426971
ck_2f8120ca80a1592c,0.33004685271949485
ck_ccb4dd9d0a48a76e,0.17673660623344875
ck_bfa7ba218b988cde,0.6820533713587289
ck_64b4dcbf436f0b75,0.44668975351395396
ck_41ba315d8fccb559,0.2274597677734773
ck_d23f9a50d1135ce1,0.8454267671623548
ck_4af5ec61ddbde1a4,0.4138113668771644
ck_560bc6017870ab06,0.2984721939295172
ck_dbdf8d0708cc6718,0.12556528824607865
ck_e00332597cf1eb24,0.8165003055612141
ck_df6fe4ec5a233213,0.37714402118557755
ck_94d5ce61a0c50465,0.5537584029333877
ck_e6fecb82fc2a82de,0.6365451212059483
ck_c4f4f28457be8a74,0.07622733754328784
ck_c7e129058beb3ac1,0.8922387451619475
ck_4ec040b9e3785e4a,0.08290894275819921
ck_e21f9f96f597695b,0.22574862497453657
ck_ada6ede84c111719,0.3389284986759014
ck_549ed417f2834cee,0.5683031167243837
ck_5068ee554ceff971,0.8565899368506824
ck_d7d50fb57fcb2d0e,0.01784477490323895
ck_e0e9cfabb979f428,0.37791810959462213
ck_34bd190d37eda534,0.8139743328580158
ck_99021fe7225b5a68,0.8120187410877979
ck_55933936536a4071,0.25764921572621713
ck_517620ca16505af0,0.17930332043185987
ck_ce927322ef8f651c,0.5143206355673253
ck_b294aa27a0b586d7,0.05157873293949887
ck_c9f9fddef39bc664,0.7933183947850886
ck_13757bf0eeb353e2,0.06388266449378692
ck_d116e0e7c19b878e,0.889794255449175
ck_a3747201f377626d,0.979914442860053
ck_a315c9619a317609,0.5777144021185577
ck_9958b58da9e3c21c,0.6565899368506825
ck_89184bf7b7fe41cd,0.8505194540639641
ck_16b66bd803288bc3,0.9589733143206356
ck_7b382e533e2e925a,0.3133020981870035
ck_9a56739d81f84a53,0.035811774292116516
ck_4f0c5857da45fb28,0.854756569566103
ck_3b49768b448b071e,0.7082501527806071
ck_54bb53b8f8ea32ae,0.9786514565084539
ck_4c7c50684827a2cf,0.18248115705846404
ck_538dad7f096458ad,0.15412507639030354
ck_2884bab237af16b7,0.6237522917091057
ck_8a6ea4a79b1c7a8e,0.31362803014870644
ck_57c14e32fa4683bf,0.17290690568343858
ck_c5b0f0d4f1655a20,0.669382766347525
ck_aba573aa942b1d41,0.667386433082094
ck_15239ef0689c1a35,0.870645752699124
ck_aa153a89a52f7eb5,0.4799348136076594
ck_fce0610c527e2b56,0.6856793644326746
ck_863db2e394dc47d1,0.9782033000611122
ck_66dd4f4b4127256d,0.023222652271338358
ck_79205e31223df2ad,0.4272153188022001
ck_31d5e3daced93d3c,0.3234059889997963
ck_1fca72e03143a645,0.9717661438174781
ck_a627734880aca848,0.057730698716642895
ck_8449a28f7d475d93,0.6252597270319821
ck_27eb86a9898cdfe3,0.40945202688938687
ck_50087d8666191144,0.907313098390711
ck_d28806a2179092eb,0.9924628233856183
ck_bcc8519fe8521038,0.7555917702179671
ck_53036d3c6c74446c,0.8989203503768588
ck_7d81b59d615a6649,0.5164391933183948
ck_5e5280539257c986,0.17628844978610714
ck_1838cf8d00f5b1e1,0.34047667549399063
ck_50460e0189de6274,0.9856589936850684
ck_325caeab5c7a9c3a,0.44701568547565695
ck_7ce4ca91b8f9f1c1,0.3460175188429415
ck_f87d66946252476c,0.9070686494194337
ck_6d0d081bfa8a0022,0.4816052149113872
ck_ffc8e3c1377d0706,0.20517416989203507
ck_38d1a22850178f33,0.1405174169892035
ck_5c58e7f8fd55e26c,0.04233041352617641
ck_1375ad9f10688e4a,0.31269097575881033
ck_7ce768407fd48321,0.6235078427378284
ck_31b16b8848584e98,0.6166225300468526
ck_fd44e34af620e606,0.32328376451415763
ck_9441d48a12e8a4bf,0.9197799959258505
ck_f69e93388b3028cb,0.8664086371969851
ck_687b412e2aac7eb6,0.43854145447137904
ck_f473a03fbcdbc4b0,0.2128335709920554
ck_28588fb03b320520,0.8139335913628031
ck_9f9555197480d1cd,0.3788144224893054
ck_2ddfc948b8eac752,0.9166429007944592
ck_d56fc799542299b8,0.2601344469342025
ck_edde1d7d1db24725,0.5447952739865554
ck_81793387b38047cc,0.22041148910165004
ck_13648cbd306eee6d,0.23295986962721532
ck_a5d7311291caaa54,0.7425544917498472
ck_bd26d2bef14a8597,0.253493583214504
ck_8129e81cde280131,0.12226522713383581
ck_431118050b834dcb,0.08164595640660012
ck_580dcec33ec232b8,0.15388062741902628
ck_ecf006bbc78ee3eb,0.8911794662864126
ck_acf7d65eaaa4c31c,0.054512120594825825
ck_8ce9c5807acbef48,0.7633326543084131
ck_c3d7d3d12a1981a3,0.2820533713587289
ck_9075432001a64e75,0.4204522305968629
ck_f99738dff854e25f,0.09191281320024447
ck_a1a93c5f375f6021,0.10173151354654715
ck_a35d81bcc54ece2f,0.5974740272968018
ck_f3996a3c8eea1ea0,0.6224485638622937
ck_b75b936aafac56b9,0.7042982277449583
ck_25c355da356c730d,0.43577103279690366
ck_5615c6bbdef05291,0.8662049297209207
ck_4db95c310e105d30,0.03968221633733958
ck_b76510998b9a2260,0.22953758402933389
ck_90bc176c43d85fd5,0.8684864534528417
ck_4b387765f0e916cd,0.21694846200855572
ck_f11b1565f986f5e3,0.4048889794255449
ck_e5018f9418e0102e,0.7563251171317986
ck_a08f8dfadbdca112,0.07797922183744144
ck_cdb8061d8d1a6c5f,0.07602363006722347
ck_6e8ebaea8f7bffaf,0.10686494194336932
ck_66746d1090d6d9e9,0.03271542065593808
ck_9cf5e88e97c8c7ea,0.4900387044204522
ck_fae7e518a585fa61,0.7559584436748829
ck_8fc641b1750a2542,0.6828274597677735
ck_c9eeab826781dc91,0.6162965980851498
ck_95ffa1a805a1c9d1,0.39767773477286616
ck_e839d104854945f0,0.03194133224689346
ck_f04040a830f92bac,0.28718679975555106
ck_e8b5bfa6838e28d1,0.2929313505805663
ck_72e7b1acc19df820,0.2802200040741495
ck_fe43da07608b1749,0.4017518842941536
ck_7e29c10d781c3b41,0.8028111631696884
ck_f56073911c9f1ab7,0.19832959869627215
ck_68be4fefc85a6b64,0.9181503361173355
ck_f07b09879d697b82,0.47455693623955997
ck_b9c6b32f6bd92a3c,0.5775514361377063
ck_c8ad86806b9a2369,0.7331024648604604
ck_722ac47c8ac9b6c3,0.9260949276838459
ck_d812eb6930192793,0.06314931757995518
ck_1774faf414a5d49d,0.9725809737217356
ck_7b93a622e40d8b14,0.413281727439397
ck_39638880292782a7,0.3452434304338969
ck_11132d245b94d045,0.15392136891423916
ck_f736cffbdb82db34,0.01360765940110002
ck_0e477084434da450,0.5544917498472194
ck_ea819e337233475c,0.8105520472601344
ck_c6b6ebe145a8ffab,0.33819515176206966
ck_0af3c13ba56ce57c,0.24306376044000816
ck_cee8d42475a0f020,0.24563047463841925
ck_748b3ea941d8b3b9,0.3089427581992259
ck_96c3a3517153390e,0.4968017926257894
ck_de8af660806b97b5,0.09724994907313098
ck_2951d76c41de2569,0.4840904461193726
ck_35fe969c58b9e70b,0.7091464656752903
ck_59684167f9c6bf4c,0.6819718883683031
ck_1645e6cc53fa99ff,0.6152780607048278
ck_fa04ac31e596e7d6,0.33632104298227744
ck_ace21f6daef94f6e,0.42305968629048685
ck_1cef30d08f3a598d,0.06188633122835609
ck_cb61902798ecc4fd,0.6248115705846404
ck_9ee044b73943a90b,0.6572418007740884
ck_f538ab6aecf2adfd,0.06420859645548992
ck_c2608f78f6851d10,0.9466286412711346
ck_cf49b6544aff6c50,0.9152576899572213
ck_f45bad1606fa00a7,0.18492564677123652
ck_863708a99b92ef0d,0.5720920757791811
ck_7fc9a0776e1339e3,0.29305357506620494
ck_320df984791a1b99,0.3282542269301283
ck_6fb2d142c09ed3ed,0.8178447749032389
ck_3e47f8c56c811700,0.4946832348747199
ck_0add2c321d579d75,0.3229985740476675
ck_e4c0fc52c82065d3,0.48824607863108577
ck_ca68dec0c7df5a12,0.5897331432063557
ck_ae3a763997f8f385,0.6581381136687716
ck_a38bd07a5fac5c9a,0.3680586677531065
ck_a73045e96af0e4fe,0.6728050519454064
ck_f29dbbfdd2786bd1,0.43960073334691385
ck_a7331e8b808c39aa,0.8963128946832348
ck_16340be3f2a7fffd,0.06245671216133632
ck_b129261da9c3c3c9,0.059523324506009376
ck_07840bba5570785b,0.6915053982481156
ck_abb056a9deab275a,0.5006314931757996
ck_126531a9126c17c4,0.09566103075982889
ck_333a43ec339a04cb,0.7354654715828071
ck_34a6bd3be642f15c,0.35530657975147684
ck_9c46711b14d9eebc,0.04347117539213689
ck_3acccc69f8b1fd14,0.7646771236504379
ck_74665e1209140ae8,0.47488286820126296
ck_670dc4910cf476c2,0.011611326135669179
ck_7e2d6b22a0ae20c2,0.8581788551639845
ck_723323f6870fab59,0.49500916683642293
ck_c8affb27ba7fb5db,0.7280097779588511
ck_e5f8c8a5824db594,0.5265838256264005
ck_7e5f02b51b9f78bf,0.8692605418618864
ck_b7e25ddd41514d4c,0.08653493583214504
ck_0e0919292ad33472,0.9689549806477898
ck_e35a4b4a3cb4cedf,0.41051130576492156
ck_65be698386474170,0.10772051334283968
ck_0cf220816e320ac5,0.33208392748013854
ck_0308e0602b856445,0.08555713994703605
ck_5e1b81848718bdc3,0.4052556528824608
ck_2085433978e72ea9,0.8782236708087187
ck_b5e4c6dbbed1b773,0.21401507435322875
ck_eb9f0c06ee017ee5,0.21425952332450604
ck_30dac0a58c5590cb,0.8772458749236097
ck_05e01ab9c95449da,0.5777958851089835
ck_f409ff994a210601,0.8367895701772256
ck_05652e8ace6ce6cb,0.26384192299857406
ck_f4ec4a935e51b4db,0.8105113057649216
ck_df5aedb4118020bf,0.9381136687716439
ck_1dcaa3078dbb7571,0.039315542880423715
ck_47e1032f490bb018,0.4352413933591363
ck_5ea89567dfe78e4b,0.2874719902220412
ck_1225a97fc413a419,0.6385007129761662
ck_2296d7a563424883,0.36365858627011616
ck_57c07c45269ca8c0,0.3457323283764514
ck_7df3f8f4f1068d62,0.40374821755958445
ck_558ebde8c29132a4,0.45194540639641473
ck_2d923d957ffd4d53,0.4076594011000204
ck_6ddb55b1f23c6cb1,0.8154410266856794
ck_93470896f0804b6b,0.9605622326339376
ck_556c62e92d4e7e5b,0.8137706253819514
ck_a059d00cee5cee99,0.11411692809126095
ck_0174d76398d9dc0f,0.7096761051130576
ck_49e253ea12f4e922,0.817192910979833
ck_f7276091bf513d22,0.06571603177836627
ck_d321249fb065d2fa,0.7623548584233041
ck_e0403d507519b7d2,0.30018333672845793
ck_0f3de7f074bb33af,0.34047667549399063
ck_bec8324a3587ef04,0.055571399470360563
ck_a3c25d6cc7478068,0.29048686086779385
ck_2ab7eddee2d8c49e,0.2448563862293746
ck_e475a3b8ba870a7e,0.2158484416378081
ck_9b2b0e286de78a1b,0.44860460378895906
ck_5cf67a3a747e684d,0.762395599918517
ck_9401f9e11f65337d,0.6512935424730087
ck_a0e5656e1cf9cbf5,0.27357914035445097
ck_398a1ed77b0130e5,0.4239559991851701
ck_4f5d022c99f118b7,0.8890609085353433
ck_630530e50764f229,0.6406600122224486
ck_5cacad76e02c8e3d,0.9649623141169281
ck_2cee2dd7bbfc09a0,0.9451212059482583
ck_9478dfe4114c30f6,0.32768384599714806
ck_2a09c7aa870edb6b,0.062008555713994704
ck_d5d225ce41a1a762,0.6225300468527195
ck_76091f357974a152,0.5049908331635771
ck_26cfd7c3c6c7bf69,0.5915665104909351
ck_8e54386f4fe22cad,0.2542676716235486
ck_22b52654776a1ea8,0.9601955591770217
ck_822d6e8e43befc72,0.9125280097779589
ck_15eed0f5652f0352,0.3146873090242412
ck_6bc351a3d57aac54,0.4998981462619678
ck_bc736114a31088a7,0.45137502546343444
ck_002cf760d173f0f8,0.3574658789977592
ck_8f8e4fb9c6190272,0.12479119983703402
ck_a39d0bca345b492d,0.3819515176206967
ck_216e87a41de22b5d,0.7040945202688939
ck_75296704f5806f56,0.6497861071501324
ck_2bdd8616870e5e1c,0.17738847015685477
ck_798157bcdb9453e1,0.09859441841515584
ck_9a1e3ec9a1839939,0.288490527602363
ck_a9d994554fc14a02,0.011529843145243432
ck_410c3e13b48e0415,0.3149724994907313
ck_d4febf0083800424,0.6139743328580158
ck_9527adac182abe57,0.945813811366877
ck_4087065be2a45ad7,0.89170910572418
ck_c0e8560ccfd9dd9d,0.358525157873294
ck_8d87658a6f5d204c,0.9174169892035038
ck_d973444855403e2a,0.3575066204929721
ck_64eefec062592c43,0.6416785496027704
ck_5b86fd14e85bc9c7,0.9726624567121612
ck_ba175b1bd8efaabf,0.3482175595844368
ck_7696e38b3e4197b0,0.8763495620289264
ck_51bbbf8f8e8ad005,0.9965777144021185
ck_df935d8bdd44883e,0.3403137095131391
ck_a0714f98001efa0c,0.7061723365247505
ck_8c9b57ad2a991416,0.5973518028111632
ck_c8c1bf16d9113493,0.8024037482175597
ck_b89cb90a420c9075,0.2926054186188633
ck_f0424b3b36bdbef0,0.8528824607863108
ck_8e89ca8b39f3f8ad,0.12234671012426157
ck_9c5feef7647b0588,0.7676512528009778
ck_374865697f1480eb,0.6477897738847016
ck_0229a07185f15469,0.4199633326543084
ck_4291fd9c1161d8e1,0.5804033408026075
ck_61a59a7944d6c53e,0.9688327561621511
ck_f21efd504faa654c,0.14499898146261966
ck_64c1633297f43788,0.03238948869423508
ck_991c4c924a1d85ff,0.9817070686494194
ck_2dd39723c4088b64,0.40399266653086163
ck_65f76421be648549,0.2842126706050112
ck_1b93381d8eea58d1,0.5782033000611122
ck_8572c5f5c1447c62,0.5626400488897942
ck_80b8fca67a14e0be,0.9098390710939092
ck_45ed5ee496ef8a67,0.2537380321857812
ck_36979996f33498f7,0.9580770014259523
ck_219bef979ee21bdf,0.1863108576084742
ck_7a6cb27e390b6ceb,0.5841922998574047
ck_d07485ba10514a2d,0.8935832145039723
ck_81e21354e477eceb,0.7789773884701569
ck_df39e3b8a9fd0bfd,0.9456915868812386
ck_49839e761d0e74e9,0.12071705031574659
ck_9d7b9e3ff1f3e71e,0.5503361173355061
ck_f63cb5e8cc702bad,0.6239152576899571
ck_cb856e75c949b0cc,0.09142391525768995
ck_0fd9312411b0ac55,0.5004277856997352
ck_9affb0f26776b642,0.3194133224689346
ck_c417d06f3e94685d,0.1820737421063353
ck_6c2453229d608183,0.33412100224078223
ck_1867b1199c864db5,0.8599714809533511
ck_8398adeaf41f9cae,0.3168466082705235
ck_796d3eaabc667c23,0.9932369117946629
ck_b4d55bc809000276,0.5264616011407619
ck_839bf139296b5cea,0.7853738032185781
ck_e57b94fe57341058,0.6199633326543084
ck_8ca808cc5a49cb5c,0.6266449378692198
ck_f4ec334be5266378,0.2402933387655327
ck_61c3e3e277629646,0.4031778366266041
ck_483fb981a1fb4317,0.35192503564880834
ck_71f382d5e338daa3,0.19849256467712365
ck_124a197be41687f5,0.5674882868201263
ck_4e4f99102f6938cf,0.33481360765940116
ck_3add4d23124c9290,0.1931554288042371
ck_5c3f13de0dbd5086,0.6505194540639642
ck_921ff5ceaf40a968,0.5519657771440212
ck_fb0c138c003e933a,0.3629252393562844
ck_5177fc7137ff26ce,0.19352210226115296
ck_dfd4e79aaa967b63,0.43088205337135876
ck_850ec97a5a0dab9a,0.6237930332043187
ck_d1a1cf4cf61d6801,0.4933795070279079
ck_646b15f753e5e9c6,0.6858015889183133
ck_60f4fb44f5efe3a0,0.1843145243430434
ck_b53084ffede19a8e,0.051415766958647385
ck_5b16d67c5ea89930,0.7767366062334488
ck_a4ddac49657a4450,0.23617844774903238
ck_f917c82af80e4a79,0.7239763699327765
ck_b87ef4b98cfcec4c,0.7087390507231615
ck_877c85bad118bc62,0.731635771032797
ck_42317c3eabd0a285,0.9303727846811978
ck_a5bdd026fa9c50fd,0.4833978407007537
ck_7c88d3d377bb61bb,0.645060093705439
ck_9acd98f4fe2d474e,0.8428600529639437
ck_6d64193681d2a94f,0.7354654715828071
ck_991b7dfd69098320,0.15216948462008556
ck_c5ece5ffb8800ad4,0.6598085149724995
ck_ffe91d6f0bd93fc6,0.4827052352821348
ck_14f9535e53f9c7a6,0.44880831126502346
ck_e35b2ed08b9e55a7,0.11867997555510287
ck_3ad6e7bf452c9b21,0.46021592992462823
ck_ad8cbe6e27e47ede,0.5125687512731717
ck_29fbabf855cabdff,0.19091464656752904
ck_700cb620f300dd47,0.5294357302913018
ck_b1cbd6679c0f8d95,0.451863923405989
ck_708fea345f68037e,0.019392951721328173
ck_b08247c3ad567d92,0.9506620492972092
ck_25fea39897f2a559,0.5126502342635975
ck_9eb80edfa43203de,0.16084742310042777
ck_6cbb011e0c70bc7c,0.11656141780403342
ck_309a432c160a17b3,0.7175799551843554
ck_e949a0f4df0b3902,0.9606029741291504
ck_4b123d6931b6d0d7,0.9485842330413525
ck_13677a1957078827,0.582481157058464
ck_243bd5ca8c4ae5d0,0.2033000611122428
ck_360237c1bd30f4bd,0.09529435730291302
ck_b17c239f160e6017,0.30686494194336933
ck_c91a628236baf91b,0.7746995314728051
ck_182dc4a2f5a366da,0.08555713994703605
ck_9fba80f56f357fe1,0.09289060908535343
ck_c1c5ea839c58958a,0.6042371155021389
ck_6a0684436a1e66c3,0.8916683642289672
ck_63d2978706e193d2,0.6984721939295172
ck_8703543bf3134306,0.4453452841719291
ck_d79bdf04d6f31cd5,0.5527806070482786
ck_b0d33b5a3716661d,0.2692198003666735
ck_bce253d2396681a1,0.40191485027500506
ck_9be551300209fa83,0.6979425544917498
ck_ec3d12848ced99f2,0.29333876553269506
ck_ad305286702b1958,0.09997962925239356
ck_96c7d52ba0a766ef,0.8773273579140355
ck_e1d5ad20c737c745,0.5460990018333673
ck_7429b3f87528e335,0.12919128132002444
ck_cf606fd6ebfdf9bc,0.46090853534324716
ck_878522cb775b904c,0.6871053167651253
ck_218b7e6e6dbd2da0,0.2692198003666735
ck_1dc23dc870f1773d,0.562395599918517
ck_fac046ce336fe39d,0.33534324709716845
ck_0d846660c7957a88,0.3003870442045223
ck_6821459b626d492c,0.022693012833570992
ck_dc4db8b932df49de,0.8396822163373396
ck_c49832eabdac5bb7,0.03450804644530454
ck_c3e37a4d3382c32e,0.03475249541658179
ck_68b8b859a6ef505b,0.47814218781829293
ck_8d501a0386c66be8,0.8802607455693624
ck_86b853c52f20fef5,0.23047463841923
ck_15886fe84866de92,0.5035241393359136
ck_92de019e05971ce3,0.20798533306172334
ck_af7ffd1a822460d3,0.8877979221837441
ck_917d82c552f95a23,0.2708902016704013
ck_74e5dec189761d14,0.3249541658178855
ck_54b374ade34e1dc1,0.2634752495416582
ck_beb97e498e6cf8e8,0.6014259523324506
ck_a96aaef34173aee6,0.9518028111631698
ck_79ffcfee599d77c7,0.6011407618659605
ck_322ffda3332d08a2,0.8075371766143817
ck_3b1d7648d4580bef,0.20309635363617845
ck_6e4b99fb9725d9fa,0.5612955795477694
ck_893b8afbe11301e1,0.44575269912405785
ck_56b992c6f136fa5e,0.614585455286209
ck_c624b9063400fa3a,0.8507639030352414
ck_bed3e3db135b782e,0.5852108372377267
ck_5d038ecb3c8748a3,0.1836219189244245
ck_77fced07f6dff42b,0.5971073538398859
ck_05d81b1a150f31c5,0.3568140150743533
ck_285719c77eadf915,0.13261356691790588
ck_664b5e02759f985a,0.3839885923813404
ck_eb48c0bcd12ea654,0.8348339784070076
ck_1bcff399166d7c43,0.2919942961906702
ck_e9e3381d5e0e5051,0.14300264819718883
ck_f5f87f772388efa0,0.7377877368099409
ck_80b072b7f3c7e8e5,0.4991240578529232
ck_386680372fb54857,0.11110205744550825
ck_d98934f9fe0b02b3,0.03202281523731921
ck_283c5bea94b21e80,0.23984518231819107
ck_8dbaaa00ad829ca9,0.251863923405989
ck_9782c86ba6485f88,0.10490935017315135
ck_83a69c4a5d55ef19,0.6326746791607252
ck_4fa85cebf707de2c,0.0976981055204726
ck_ce1500a7f0d03fba,0.2507639030352414
ck_73d60b4630e3937a,0.2387451619474435
ck_279d43303708109b,0.4198003666734569
ck_64ff60c073fdb6db,0.7551436137706253
ck_d5c14e877ca7b755,0.3356691790588715
ck_7e5401c362b2216a,0.0074149521287431245
ck_064b2aa3f0bfdb6e,0.5005907516805868
ck_70066eea13b4c34f,0.35388062741902626
ck_f0d349d68249d5db,0.04355265838256264
ck_86bfe328e0a533b9,0.9781625585658994
ck_18f67c00ba21fbde,0.3526991240578529
ck_72fdfc7e6d8e1436,0.23051537991444288
ck_75257ca7d7da2861,0.7702179669993889
ck_a0c3059a959ba5d1,0.5800774088409044
ck_52f641c9ee6fda70,0.20440008148299044
ck_7c6b577174af7a78,0.4759421470767977
ck_52174855b243a8b0,0.7958851089834997
ck_c12805fa5d970a83,0.6732124668975351
ck_0406931800e0e2e6,0.37649215726217156
ck_4b97d19ed946f503,0.7261356691790589
ck_87dc484baaf5a23a,0.008759421470767977
ck_539cb0d117db8cd3,0.8625789366469749
ck_09f8f51bfd2492c6,0.18981462619678144
ck_05c4dcbb45de1f8d,0.08189040537787737
ck_37139b41c5370523,0.6110409452026889
ck_ec094eb1cbb3efc5,0.07251986147891627
ck_db32c95ce2b6f502,0.9564880831126503
ck_7a02ee1bfba7353b,0.2717865145650845
ck_571dee4f3336c7ce,0.3685068242004482
ck_c3c69aefe7ea1d2f,0.4278671827256061
ck_de05f97c3d40dd1b,0.6103483397840701
ck_823539d936c55fc6,0.22204114891016502
ck_97e94708bcf43563,0.5486249745365654
ck_71c68dfd011dbbbe,0.9424730087594215
ck_f5791fd8fd8fd191,0.3446730495009167
ck_ec986285fff05b7d,0.17474027296801792
ck_da3526ab6c5c884a,0.6300672234671012
ck_f9197b070416f443,0.19898146261967814
ck_4fc6256e0e60a926,0.7780810755754737
ck_9c0deab8a8367c5e,0.12939498879608882
ck_f34fb7ccf82f41e5,0.39380729272764314
ck_777669e2243204f2,0.93550621307802
ck_d3a2a4c011fa2554,0.021307801996333267
ck_ac84b33304362c06,0.5574658789977591
ck_16af4be191c47d3d,0.04632308005703809
ck_0446920a1004c596,0.21768180892238745
ck_0c6a50d747593b7b,0.5058464045630475
ck_193d9c87ad3f1dad,0.07199022204114891
ck_5b8315726f6204e0,0.5420655938072927
ck_f7e53af3c91fec64,0.48323487471990223
ck_e679fbf4f4f4aa07,0.37144021185577514
ck_59a14d2564193101,0.08299042574862497
ck_0e9ec486bff403c5,0.38390710939091466
ck_f6b7a10d47dd9a1f,0.2309227948665716
ck_4b4d99e443618904,0.5201059278875535
ck_4f05daf1cf0d5755,0.16822163373395801
ck_64ac5e6fed86ab60,0.9834996944387859
ck_01ac687ce0d696a7,0.3859849256467712
ck_5f9a7ff990341bdd,0.21026685679364432
ck_010d0c2e6c1657fd,0.7660623344876758
ck_4b2e87d86a5e415c,0.5657364025259727
ck_66f9f78d4c6a3edb,0.6733346913831737
ck_0b1d84252c0b46c2,0.0833978407007537
ck_68b5542459638b56,0.8164595640660013
ck_62967b91504149f9,0.24595640660012225
ck_f99bc1732ce5e999,0.7544510083520065
ck_c2017120b3b88a46,0.6046852719494805
ck_f7ff94c3df5ac874,0.5665512324302302
ck_25382331551d22a5,0.8133224689346099
ck_703b41624ae6a5b6,0.44888979425544917
ck_e2c66c72cc0b0f78,0.462253004685272
ck_28ac4c5134cb8e77,0.838582195966592
ck_168c96a1a636ea15,0.4466490120187411
ck_39a81899dded61e4,0.6486860867793848
ck_94a096c36162a153,0.4063556732532084
ck_ee535461b5f05539,0.9494805459360358
ck_59c29d9c57b4f994,0.1707883479323691
ck_8982888dd6611143,0.08066816052149114
ck_60896cdac2212bea,0.7701364840089631
ck_aa188e5c25f7f42a,0.8816459564066002
ck_1f56fe99f250cdf4,0.5015278060704828
ck_d0dc156441fcfdcb,0.5894886942350784
ck_395f3bd4aacd7ca6,0.5102872275412508
ck_5576b725de38d106,0.5854552862090039
ck_e2d1f212f259539b,0.28384599714809533
ck_3c3a1a1365741bba,0.13705438989610919
ck_4f325dd15c9bd45c,0.5714809533509879
ck_66f0945add423e9e,0.39262578936646975
ck_a74f6a3030f5d495,0.7248726828274599
ck_d9ea77f4114a389c,0.5282949684253413
ck_bf15a1f8d67a30d3,0.6005703809329802
ck_bb643194d1cbc47c,0.9952739865553066
ck_80e5ea27848069fe,0.3744958239967407
ck_635646a661f05b4a,0.757547361988185
ck_bd80546b4807dd59,0.49492768384599717
ck_63743141ffa11f45,0.5358728865349358
ck_0b8b7c5c581fd161,0.07606437156243634
ck_79d62ef181bd0cd8,0.4781829293135058
ck_562c76a3753fc7da,0.9236504379710735
ck_d66bb1f063357f99,0.10853534324709715
ck_89d7bfc81c3df597,0.768221633733958
ck_fb0cf32c4a56f740,0.6992462823385619
ck_6c679602a6476ab2,0.36655123243023024
ck_71b37fe47490b4ba,0.4070075371766144
ck_494ec63c5ce8e150,0.5656956610307599
ck_92e474e4368c4791,0.3984110816866979
ck_2d3d6c9364362017,0.03793033204318599
ck_354379de065a8ff8,0.7668771643919331
ck_f7bde7265053364d,0.4327561621511509
ck_820219bb9c761b52,0.8611529843145244
ck_a5ce2ae36fb410d9,0.1712772458749236
ck_ac55dc6cbcdf8228,0.6536158077001426
ck_f34c93a8173555b1,0.656752902831534
ck_fb3b68b4424b5f92,0.794459156651049
ck_d3f44bbe2f7e9b2d,0.6255449174984722
ck_dd9c5f0c42878e67,0.7262986351599103
ck_41bc3efa0fca700e,0.7096353636178447
ck_4d1baef193cfb900,0.4614789162762273
ck_aecdc5a96321a2d8,0.4242004481564473
ck_e7c8a9e4641eb9ed,0.053045426767162354
ck_f2350bf355dc919e,0.3797107353839886
ck_bc61c59970f8de49,0.5058056630678347
ck_389607982eb6b701,0.9677327357914036
ck_ace6b72e5bf3e93b,0.8984314524343044
ck_2afdd69094c955c5,0.6660827052352821
ck_fc9f16df35190eb4,0.9020574455082502
ck_c43b4175fc9ac5bd,0.9829700550010185
ck_1a4e5ace078dd782,0.5467101242615604
ck_232325ef6bce92f1,0.5898146261967814
ck_51c50c4c443df31a,0.931269097575881
ck_126a82e8d42e5ce6,0.20794459156651052
ck_caa348f0e65db062,0.982195966591974
ck_a6f61864fac3c8fb,0.6185373803218579
ck_694eb6c43193afd4,0.6856793644326746
ck_d7792b429620fc24,0.31839478508861274
ck_2208392a9f6bd249,0.7207577918109594
ck_8ff7a9b23a55fd62,0.40252597270319823
ck_8c5b29f6666d4874,0.7654919535546953
ck_fcf5b8216d0c18ef,0.08286820126298634
ck_393287947b5c8d79,0.458667753106539
ck_3e6833574edf1736,0.5611733550621307
ck_8b772caed8f1541c,0.22310042778569972
ck_e914974cee1bccb1,0.5268690160928906
ck_4f1e962ff8a29732,0.0961091872071705
ck_f6923088c17a04e2,0.7088612752088002
ck_10f90d879209734f,0.4688531269097576
ck_3d6c3c00d854f5a4,0.863190059075168
ck_6e8f8ef7a03cc6bf,0.7317579955184355
ck_833688de8629c5c0,0.4682012629863516
ck_20578ac693ea4e93,0.8191892442452638
ck_43aa136bdb0a2832,0.9500101853738032
ck_09cd5c4df1e81ac2,0.9270319820737422
ck_8f4b384955bf57c9,0.2938684049704624
ck_94b90ab8b2dfb50f,0.4305153799144429
ck_ea618f720ff0b4b0,0.12328376451415768
ck_6c83aa1d100a7cd8,0.6890201670401304
ck_e7be077aa0b2632c,0.5668364228967202
ck_e10ff5c38bd18470,0.37347728661641877
ck_0593ae243a9ebee9,0.42077816255856587
ck_b20b81b88dabe28d,0.1471990222041149
ck_2bb6a17e8eee35cc,0.7933183947850886
ck_8def763034187436,0.46962721531880225
ck_c1aebbeca6ab5ff9,0.30584640456304746
ck_ef307a6aee38d1fe,0.94585455286209
ck_49dddb894d33f6db,0.4080260745569362
ck_0daec63bd5b0729d,0.5631696883275616
ck_c49b685d2b3ab89a,0.46331228356080667
ck_732d45bd578dc39d,0.40411489101650033
ck_74c3c3452e4e7cce,0.14157669586473823
ck_5986119e7d81e831,0.4820533713587289
ck_98d2f9a6ba3a3077,0.9759217763291913
ck_586001d3ed9e7fbc,0.06253819515176207
ck_03be334935e999a2,0.5398248115705846
ck_9a43c0c73a39d759,0.5531065390099816
ck_a1c7cf63467df4c2,0.3218170706864942
ck_ad48826c1c26eb78,0.9765328987573844
ck_985c9ca112000e9a,0.854756569566103
ck_aa06ed358e43db69,0.7937665512324303
ck_d21612d48bb4f7b8,0.690446119372581
ck_9a9e3dac79280d7f,0.8010185373803218
ck_8250eddc1ecb07a0,0.7848849052760236
ck_d6f27eacbad310f4,0.46979018129965366
ck_27d69ff4e0cb428c,0.6425748624974537
ck_5e5461dac83531ac,0.5917294764717864
ck_d1bb8890081e0a31,0.8960277042167447
ck_cef2a485a77e0723,0.27219392951721333
ck_3e24b026bc66789b,0.19930739458138114
ck_8105bcf69a75ee47,0.47863108576084745
ck_6494f0ef13ce44d9,0.34740272968017927
ck_a4a7ef3ad799c380,0.5195762884497861
ck_a48ec0c00ae20e82,0.7655734365451212
ck_4717f24f2c6f40e1,0.6644530454267672
ck_54748ae0f2daaf10,0.5787736809940924
ck_ebd0a45712dcf07a,0.7274801385210838
ck_998475a2e4dfad4e,0.42456712161336324
ck_99c0a41ac9c73857,0.24257486249745366
ck_ca24bb0de508efb0,0.2328376451415767
ck_f2b8995fe5402759,0.2551232430230189
ck_d37d56e931105db0,0.2087186799755551
ck_e66ae4fd586fedea,0.12874312487268283
ck_c1e7d1021ae58f00,0.011040945202688938
ck_687ab5d5554bfa79,0.3372580973721736
ck_8f8e5e2b9dfec3d1,0.8620900387044205
ck_537cc97d0398c922,0.8780607048278672
ck_56b389627d8f02c5,0.9384803422285598
ck_48a6754977a44db0,0.2666123446730495
ck_074f20921189e7d6,0.33864330820941124
ck_f22aacaf86a65d7e,0.8699938887757181
ck_828eef2334e17b3a,0.46367895701772255
ck_dd8edfefa1eba531,0.09887960888164596
ck_66cd34bc568d95e0,0.743613770625382
ck_c95c786d2f8b8edc,0.4342228559788144
ck_bce5b7fecfb6264d,0.8736606233448768
ck_d32fbbfe32c00416,0.46416785496027707
ck_bab5759b07fe2bea,0.0976981055204726
ck_c55afc68421d85e2,0.4958239967406804
ck_dca0b6ca93311ca2,0.5194540639641475
ck_e0571312f395cd94,0.5311468730902424
ck_fd038a7d33a9d6e5,0.13338765532695052
ck_ce66831f6611014c,0.37408840904461194
ck_09fab6b9825001b2,0.05683438582195967
ck_80b50fad7f255e1d,0.23430433896924013
ck_2a97db9377d01e36,0.5563251171317988
ck_9e5b7acf51b1b743,0.3210837237726625
ck_5468fa99c945d785,0.23927480138521084
ck_556786868599143b,0.6170706864941944
ck_a6d4f998dadc90c2,0.9603992666530862
ck_4d2159603045109e,0.28176818089223876
ck_a9ca2f447b984a6a,0.7683845997148095
ck_cd553ba6589d8bfd,0.361091872071705
ck_830b2c5d1818ac07,0.4830311672438379
ck_80eb91b0b4001084,0.8591159095538807
ck_730226c2d216cacc,0.7709105724180078
ck_f07e27d125497b66,0.7024648604603789
ck_b68199ecccf2350c,0.005866775310653901
ck_15dd3ecaa8ce0245,0.9658993685068242
ck_6dac66c8198c07d8,0.3768180892238745
ck_6b817117d87063a8,0.41311876145854554
ck_589109a188adc2c1,0.22880423711550216
ck_bb76609b79e0bc9f,0.4165003055612141
ck_f0cbd5383bb07778,0.7105724180077408
ck_02b9f418524f6650,0.4138521083723773
ck_4e9a6f06ab134102,0.3664697494398045
ck_7334a9ec656263b2,0.26893460990018336
ck_f80af368cfc6cb7e,0.35648808311265023
ck_d74b2ead8aaa3f73,0.36512528009777956
ck_1dd69a11daa7bf1a,0.47162354858423305
ck_7509eb97c1948b16,0.4908942758199226
ck_a406bf11e48cf8c5,0.8200040741495214
ck_d1e3de178601d3c2,0.6083927480138521
ck_71044c29ef071570,0.7556732532083927
ck_a1c88c0568f142d0,0.7760440008148299
ck_dfc6f5712d8d6678,0.8354451008352007
ck_9c56114f84e9a541,0.18484416378081076
ck_d7c28eaa05bb7144,0.5585251578732939
ck_3a30132a57181fe3,0.8047260134446934
ck_48d0fc4f6a2109fa,0.9740069260541862
ck_c0389ebeb0e65cb8,0.2147891627622734
ck_b4c014d5c0cc9eb2,0.15261764106742717
ck_a4258806a533efa9,0.348136076594011
ck_363751deae40edfb,0.8043593399877775
ck_c1295d97cdf35ec2,0.34072112446526787
ck_648c03f9aa4e45f1,0.3580362599307395
ck_65ed7e72f24731e7,0.22073742106335303
ck_633e6579f5c74a5c,0.9749032389488694
ck_45cd5ef6b359e9b4,0.378936646974944
ck_2e679af24adedac8,0.12743939702587084
ck_9e962f9bb0e7bac2,0.6838459971480954
ck_bef3193f124fca5c,0.780892238745162
ck_a907fa8795cd4baf,0.5600325931961703
ck_f280d31f54a4710a,0.8721124465267875
ck_8c582eb0f6c0148c,0.28115705846404565
ck_4807726e797fb893,0.3822774495823997
ck_b3263e7f31aab45f,0.8173151354654715
ck_3fb9813849e51837,0.3855367691994296
ck_eefcf0ed15897898,0.6595640660012223
ck_bc996c523944644b,0.5892849867590141
ck_74b848064f2ff45d,0.33090242411896514
ck_5f9e34c849704b95,0.021592992462823382
ck_fc7a9d0643570053,0.026481971888368303
ck_f437a53fc832ec95,0.9479731106131596
ck_56e6cfa32156a916,0.3959665919739255
ck_2e1b46c5fc56b863,0.9018944795273987
ck_1af2c0b3b8d202c1,0.43495620289264614
ck_27b07021500ee841,0.39201466693827663
ck_148cb0c723284dc0,0.5498879608881646
ck_70b9274473bd6dfe,0.01967814218781829
ck_fca7cc9c42695453,0.08649419433693217
ck_8d9518f64b222416,0.46604196374006923
ck_f1e1c8491f16f912,0.6477490323894888
ck_d36733da917115a6,0.5849256467712365
ck_a4691b57f837d88e,0.8221633733958036
ck_e738e920bbd74a7d,0.5373395803625993
ck_6d26a152f900fee8,0.4131595029537584
ck_630c835243c66b19,0.9625993073945813
ck_e88e86b19cada4aa,0.8443267467916074
ck_15918075563eb074,0.1192503564880831
ck_9439bff87e616d4a,0.4792422081890405
ck_993beb188dd4abb6,0.30682420044815645
ck_dff090f03ca5529e,0.13306172336524752
ck_3baae40454c00938,0.12825422693012833
ck_6ab83f45bf16eaa6,0.19755551028722754
ck_77fa39d3b733c226,0.9180281116316968
ck_daefe1e2d2bc362d,0.26046037889590545
ck_f01e94331067edf6,0.4624974536565492
ck_773efe58c6278c3c,0.584070075371766
ck_f7a7f8f5903617c5,0.4182114483601548
ck_fe037765aa465c58,0.7199022204114891
ck_29f3a1737a2d9634,0.4212670605011204
ck_7825494e654d5695,0.6699531472805051
ck_325c7643cce02da3,0.6233856182521899
ck_01e0689157fe9617,0.9207170503157467
ck_7bbe1dc8add17ef0,0.5596251782440416
ck_e0ca2c819658f6b6,0.9810959462212263
ck_2d14bcd2e0fc043d,0.1297209207577918
ck_fac32d76ed40f683,0.4090038704420452
ck_50df50af592b0c06,0.27093094316561417
ck_23981a3261674131,0.3605622326339376
ck_3a4811dc4a1a891d,0.23483397840700754
ck_4874bdec79f9106c,0.32731717254023224
ck_fd84507228467b40,0.8447749032389489
ck_6a17384072f904c0,0.5584029333876553
ck_74991a9e85c3b07d,0.3220207781625586
ck_520ec32c4f253604,0.5170503157465879
ck_ed01be7504dc4187,0.8368710531676513
ck_c6fdb2972417c9bd,0.49871664290079454
ck_74a06f347b32347f,0.21356691790588717
ck_1e7de58822000dea,0.15661030759828887
ck_cbe716f351d660d4,0.31077612548380523
ck_7560f1891d66f294,0.1933183947850886
ck_45f4c821c70d134f,0.9194133224689346
ck_b1ff9edc51d42f97,0.16712161336321044
ck_114141d85256c9ff,0.10413526176410673
ck_d0e95b90ba86da10,0.40578529232022814
ck_252b0a0f1119b220,0.05047871256875127
ck_28dc0fdbaec00580,0.8238745161947443
ck_650020c500b1b50d,0.22468934609900182
ck_e77529651c416cf7,0.4395192503564881
ck_f0982bbdbd122f91,0.2627826441230393
ck_f439f16f8693883f,0.4882053371358729
ck_e30cb64302939f38,0.8321042982277449
ck_873ceb8004d3a9f7,0.6003666734569159
ck_db6d1c6d31da967a,0.20725198614789164
ck_8e7a32f7e3905f4e,0.5265023426359747
ck_2c91f62c05685ed7,0.1952739865553066
ck_7f79878197340435,0.30861682623752296
ck_23ff85f9d2355e8d,0.4895090649826848
ck_b138fc249e659e60,0.45178244041556326
ck_b911a09f328dfd4b,0.18541454471379099
ck_a2858979dd5645ef,0.19103687105316766
ck_f1f2c3c623553f0d,0.20403340802607456
ck_30f4b2ee8abe1342,0.7998777755143615
ck_6e8751b571ea54d1,0.5582807089020168
ck_e901dec0e09eccbb,0.12059482583010797
ck_10495d3a635b8d69,0.8916276227337543
ck_4f5d7985bcc2eda4,0.14312487268282745
ck_7df526b2b4410bb4,0.7307394581381137
ck_4e1757d1347ab387,0.9970666123446731
ck_79b8523137bb2603,0.5841108168669791
ck_891530b489ce402b,0.23190059075168057
ck_41b954c7a948c060,0.2718679975555103
ck_59a561f3df01441a,0.8023222652271338
ck_96e4d38ef670eaff,0.7777958851089835
ck_eef67f8dea702338,0.607455693623956
ck_73e24f5a8da289b3,0.6712161336321043
ck_52cc2fd5095b169d,0.5558769606844571
ck_dbb498b1a346a402,0.13110613159502954
ck_f253130dc3ca5b3c,0.4315746587899776
ck_942dbf632591b65d,0.614911387247912
ck_ab4a8d02ec3c0fd7,0.027459767773477285
ck_7f780f465c29398e,0.23357099205540843
ck_adf84b9df54c3d80,0.6689753513953962
ck_1b1df006b81d38ba,0.46172336524750457
ck_3be72c9c178fa00d,0.7156243634141373
ck_ee387f9da79e67ea,0.5974740272968018
ck_731869a0c39cb2fe,0.4799348136076594
ck_f2b0e7a47f442557,0.9672845793440619
ck_4bc42878fa180991,0.8405785292320228
ck_5f3609511443e5a8,0.2759014055815848
ck_b354003302b272ca,0.4627011611326136
ck_1c771a7c78f6622c,0.6246893460990017
ck_466dc6274fecd708,0.7608066816052149
ck_89c74feeaffa7d09,0.1624363414137299
ck_1ccdc69d0bb712b4,0.30197596251782444
ck_b22e3337b8e3dbb2,0.35681401507435323
ck_79c7f0d29b1db1cd,0.7434508046445305
ck_84df6770549e43fa,0.47036056223263395
ck_3c6417a233c68c73,0.43947850886127526
ck_f7485cba392bc294,0.9097575881034834
ck_46bfb2cfc29a6d2e,0.4562232633937665
ck_e4cf189a8d31649a,0.26481971888368305
ck_770475876d0e7e6a,0.33346913831737623
ck_c2b61a98d1c8f6dd,0.9375025463434508
ck_8ae64df60ab6ccda,0.3524139335913628
ck_507e40760a24d2d5,0.7653697290690569
ck_a1e77090b1c6ccf4,0.5334283968221634
ck_09aadb4c41b166f1,0.8204929720920757
ck_604c17cb97dc89be,0.6455489916479935
ck_8d94fbb4828ef326,0.47492360969647585
ck_17c0a6a92b5765cf,0.3139947036056223
ck_ac79c72a8fe3fdef,0.7414952128743125
ck_b8cc2df5192bc49b,0.6831941332246894
ck_3132857aec8485bc,0.024770829089427585
ck_b6cb8d6ae828eed1,0.7048278671827256
ck_2f82ea66c4f53b33,0.8138113668771645
ck_1de43fd6c6c22a5f,0.7621918924424527
ck_0348cc6908f7f3af,0.08551639845182318
ck_6e676daa4855b58f,0.8403340802607455
ck_2a37fef48b44e9c8,0.30833163577103284
ck_bfc2a57d8fd1610c,0.9596659197392544
ck_c1c7d4e62c9fcded,0.6686494194336932
ck_36e72ef9273e7a95,0.19250356488083112
ck_ebd178b3f3a9c50c,0.3470360562232634
ck_c89b9ca398402f1e,0.19612955795477693
ck_bba413492dc46f2a,0.5545324913424323
ck_e971faae8a10a260,0.2670197596251782
ck_7e6569a1b2455cb0,0.05390099816663271
ck_744ffc11d32b96bc,0.2693012833570992
ck_435cb24538c6f77c,0.7729476471786514
ck_411219470d0a195c,0.30845386025667143
ck_6f730b77dc6cdb84,0.28070890201670406
ck_aa4ba931dd37481d,0.16728457934406193
ck_aa59702537557ff1,0.5472805051945406
ck_c58d9151834f5bad,0.6565899368506825
ck_3a0e0200cbb185cb,0.6783458952943573
ck_c98b16f9a72a6568,0.030596862904868606
ck_e5cdbfcca2456652,0.33228763495620295
ck_ff45764ea7d6619f,0.5784477490323895
ck_6ec39903f765956d,0.7464249337950702
ck_9e17699baa83d173,0.2653493583214504
ck_1fc98436281ee39e,0.20338154410266857
ck_76ebeb5aee42f041,0.2509268690160929
ck_562320295fa35875,0.12882460786310856
ck_84c402b23766e1f2,0.6963943776736607
ck_8d0532d24f1070d1,0.01124465267875331
ck_32a495128395fde5,0.0921572621715217
ck_f067470743d3c7a2,0.7855367691994297
ck_28dde633692904b0,0.8264819718883682
ck_e61c8721e3ef1921,0.15848441637808108
ck_4e333c09f0c37dee,0.57958851089835
ck_3d58628d1c853c8a,0.1430841311876146
ck_3265442528d51728,0.5609289060908536
ck_cb1c00c300af3f9e,0.8033408026074558
ck_7ae86b5a885affc3,0.826563454878794
ck_a50370907e6b397c,0.6500305561214096
ck_df87d6f61a63eb21,0.1863108576084742
ck_85bf21aa1a00452f,0.38708494601751886
ck_b9f1465d803e57b2,0.8880831126502343
ck_91c2a5fe69b9b1d1,0.5868404970462416
ck_f3199fbe84a28b9a,0.8272153188022
ck_ec3eb6dd0967cac5,0.8215522509676105
ck_5124a2e415384945,0.8313302098187003
ck_073509af21dd7f5f,0.9631289468323487
ck_617b65141f546a1c,0.36064371562436337
ck_fa4b60387d744fc5,0.09386840497046242
ck_98068c397d70dd3a,0.5630882053371359
ck_aed2681e1646a0df,0.8022000407414952
ck_e98429675b46272b,0.32454675086575674
ck_b25657bd16739036,0.2365043797107354
ck_75217ee144b715f8,0.8530861682623753
ck_b359192aa659bdce,0.5755551028722754
ck_82181b935360dcbc,0.9813811366877165
ck_52c0ef68aa2fb8cf,0.2570788347932369
ck_06f042e9b1b662fd,0.7912813200244448
ck_c0b5cc3e8ad2ff44,0.6483194133224689
ck_368b968b5f33431e,0.10556121409655735
ck_6e44024e9de301c6,0.04444897127724587
ck_f5e02a3432571b20,0.7704216744754533
ck_bed0c020b10afa3b,0.3377877368099409
ck_7e63168dda612235,0.15881034833978408
ck_4c25570eb72711b8,0.20578529232022813
ck_58955542edee1adc,0.38142187818292933
ck_06d0e4a9189302a9,0.4496231411692809
ck_f1b80b821a20186d,0.6454675086575677
ck_b5c93e6d34f8d366,0.4049704624159707
ck_69587a134d43a4ad,0.7096761051130577
ck_70a932ab39d86a24,0.014666938276634754
ck_96100d5e8e051e91,0.30385007129761665
ck_b26e4ae47c9107ed,0.9477286616418823
ck_492e4b89c61b7b6c,0.3632919128132003
ck_36d78ff3bc033ee5,0.2637196985129354
ck_9c9884b9bcaa552e,0.9073538398859238
ck_cfb11a0a2325bff5,0.1007129761662253
ck_598e036a28262aeb,0.5657364025259728
ck_8176616132458c0f,0.581870034630271
ck_4becdd3d2696c7ba,0.3413729883886739
ck_7333cedb61506ead,0.39075168058667753
ck_a69ca7b9d70972bb,0.05333061723365247
ck_e032068be7b77d15,0.7323691179466285
ck_02ec4e06709e6b82,0.05263801181503361
ck_13cd943777651aac,0.45569362395599916
ck_29640fc2fe81c251,0.9282542269301284
ck_00d1ebc31ec4653c,0.8844163780810756
ck_7c872c99481c1e9e,0.4414341006314932
ck_b1dba768dbe7affe,0.7672030963536363
ck_7c3a6a82f3c3241d,0.3048278671827256
ck_c924f36bc1bbbaa3,0.6602159299246282
ck_0a2b7078736b4dda,0.24530454267671625
ck_5b5dea6476d4e182,0.5178244041556326
ck_f271e855925e8d6b,0.8627826441230393
ck_97a8dac48dd62488,0.8044815644734162
ck_63133a79f23e2627,0.5926665308616826
ck_9b5ec0f78e160e65,0.4023630067223467
ck_7264486eb512d84a,0.6495009166836423
ck_a50621b5eeca84b4,0.15595844367488287
ck_901d820e0b72abae,0.039193318394785084
ck_9d1a5cf5a3b87e48,0.5610511305764921
ck_e291cc60920456d0,0.847015685475657
ck_755010362a9b1bc4,0.2944795273986555
ck_8285bd3c90af94f6,0.49635363617844774
ck_a60388296a47062c,0.4479934813607659
ck_d3d5b2717cfc3913,0.46832348747199026
ck_18d214b1418be39d,0.2621715216948462
ck_6d64e1c07b19856e,0.22244856386229378
ck_0a993bc947bab61f,0.8546343450804644
ck_7501ebbf4e21f160,0.6532083927480139
ck_cba4162ef29a6d27,0.513424322672642
ck_26bd0f8898afc8ba,0.12124668975351394
ck_0a0cd7f4be606a93,0.835648808311265
ck_f2c7a4c50e2ede96,0.770829089427582
ck_50d0bb7edd8c69c0,0.667427174577307
ck_5791f8f76a629a4f,0.8196374006926054
ck_0bf35dcf7b38f650,0.08645345284171929
ck_646dc03de4c31803,0.9475656956610308
ck_d4007b5b26d9d854,0.2826237522917091
ck_943f66f28dd24750,0.0044408229782033
ck_984dd7452aee372d,0.7728661641882257
ck_ecaa6de0aca5e9a0,0.5183947850886128
ck_2225b555aa2a42ed,0.7687512731717254
ck_f11f7691af16ad07,0.02550417600325932
ck_57849e15b61c43b4,0.11656141780403341
ck_e6b95ff91116a592,0.47533102464860466
ck_184983177b73dea5,0.5955184355265838
ck_3bd12d468fdc2450,0.7540028519046649
ck_08c7bb0f9851cb76,0.5907924220818903
ck_779581adb573261f,0.441148910165003
ck_02d4cef6358ad3b7,0.07920146669382766
ck_a60a61ac829252a0,0.34173966184558974
ck_942b95988a6245a6,0.868730902424119
ck_6ea70950c1cae00b,0.9478916276227336
ck_f823407ace7ff064,0.7236504379710735
ck_7c418947124dee8f,0.710205744550825
ck_bb0713a2a1d65982,0.4074149521287431
ck_a85182ad90b6f1e1,0.12320228152373192
ck_e267999226b6321b,0.02114483601548177
ck_4ba8bec14c2217e1,0.3891220207781626
ck_174be2231c5fd2b6,0.2507639030352414
ck_610815786d729d2f,0.44986759014055816
ck_e9b75ed7567a3f23,0.7224281931146873
ck_7c5529bcc079600b,0.7935221022611529
ck_5d16e257c0635f7e,0.9445915665104909
ck_c830f3830875b47a,0.3713587288653494
ck_2caf553b31831a50,0.07349765736402526
ck_90696b7182dd9129,0.2480749643511917
ck_38e4a74ab256e2eb,0.229170910572418
ck_cdcf6671b37c9c92,0.6026889386840497
ck_f0c18cb9f951a71e,0.5984110816866979
ck_d61d97b21002f3e9,0.7997962925239357
ck_cd09375e6c81d2c4,0.6897535139539621
ck_a79a27767a02e31f,0.33786921980036666
ck_0943e0f305078e34,0.990955388062742
ck_fe3b67041dad2dd1,0.20688531269097576
ck_3420f2fd520890f3,0.20114076186596047
ck_3e91dcc209431984,0.8255856589936851
ck_e4d6dedd97233c07,0.7071093909146466
ck_19db0bf788697c2b,0.6649012018741087
ck_4221e07b17388fd3,0.7952332450600936
ck_5e8e857b63966609,0.8985536769199429
ck_c8806749e263f70b,0.2773680994092483
ck_233a487d31c3e631,0.9897738847015685
ck_e2a2ce9b8cf44c63,0.43438582195966585
ck_e6c8611c0cf233d7,0.20831126502342637
ck_4fecb87eaffd5cb5,0.2022000407414952
ck_f91d48c40337d375,0.24053778773680995
ck_79c30169c71b8033,0.9499287023833775
ck_b0ed11080076e381,0.44277856997351805
ck_bd2545c62f258231,0.5785292320228153
ck_d69de468b44143ca,0.21951517620696678
ck_55fc62a5f89a7251,0.4459156651049093
ck_c16ab1e4dafb4910,0.8860460378895905
ck_069d158665a53909,0.32328376451415763
ck_ee4ff3aeadf912c1,0.27353839885923814
ck_ecb1e15f0b185ceb,0.8810755754736199
ck_e76db7d2562f9836,0.35282134854349156
ck_d1d079913aa158bf,0.3530250560195559
ck_2cb763a881aee27f,0.16997351802811164
ck_19becd44f2c3d2b5,0.3040130372784682
ck_5e20953547ba4135,0.7846811977999593
ck_f04761b4a937ac3b,0.26274190262782643
ck_7d0fe77dd5ddb656,0.7420248523120798
ck_78f01d78ea79642f,0.7093501731513547
ck_ad54292a0b2f44ef,0.3709920554084335
ck_66bed631354de5b7,0.09012018741087797
ck_417090dbffb1a63c,0.48299042574862494
ck_d0935b571a4a3868,0.5720513342839681
ck_dd0e17605f970319,0.207781625585659
ck_2dc31db181150e20,0.3729476471786515
ck_b568ba3837afb39a,0.12348747199022206
ck_8de69cd219d3b87f,0.9648808311265024
ck_3d4913a86f207fee,0.5671216133632104
ck_ee949c71f4f702eb,0.9780810755754736
ck_01645ea51972e99a,0.6608677938480343
ck_a60c618b7f0e4252,0.18627011611326133
ck_3837ad850996ba60,0.5771847626807904
ck_a524071c51ddde20,0.3742921165206763
ck_0af57ebaa45877a1,0.0049297209207577915
ck_a7cf6c3b322f6b7a,0.4202077816255857
ck_ce0ec41f96951048,0.4782644123039316
ck_5c3a671883d58b3f,0.007822367080871867
ck_7905fe8e257b0449,0.8825830107964963
ck_da6d1e5cf6aba6fd,0.14907313098390712
ck_6b67fe8e310ab865,0.6496231411692809
ck_cbaf8a954281d4e3,0.9716031778366265
ck_ed26d906883bea0a,0.18533306172336528
ck_b621b6ffcc7f4848,0.06420859645548992
ck_ef6f8e048ae1bd4b,0.33436545121205946
ck_2a09d142de1c77ff,0.4801385210837238
ck_c340644176ca03e7,0.6612344673049502
ck_bea2cf7a6b7bb900,0.21470767977184763
ck_1f136a4476b5e775,0.541006314931758
ck_3759939a0205306d,0.553676919942962
ck_ee13c091bc379188,0.48352006518639234
ck_d58e058b5c553dd5,0.28702383377469953
ck_396e9ea9a6c6d7d9,0.7567325320839275
ck_402db4184982fdf5,0.6122631900590751
ck_a037aff5f8128c73,0.35832145039722957
ck_8f6cce9f69912983,0.5774699531472804
ck_8758fc6622bbb7df,0.47675697698105524
ck_6ca018259f70858f,0.24738235893257282
ck_63379e3c9fe6f711,0.6867386433082094
ck_5aadd286d188f5c3,0.12413933591362804
ck_e69d27e8965df0be,0.13534324709716847
ck_c67f7944896a0310,0.8249745365654919
ck_565e3418d2f4061c,0.3638215522509676
ck_58eb871e8d7bed52,0.8767162354858423
ck_d5f5b0dc97b9dc27,0.35331024648604603
ck_87abe9cd066a20fb,0.6188633122835608
ck_ff7e31ff8ba731e5,0.19820737421063356
ck_f73273e220296be8,0.5331432063556732
ck_73f4eb09af29b1c0,0.4358117742921165
ck_49dd816b31fba6b6,0.9098390710939092
ck_bdd2da300b530c5a,0.4464045630474638
ck_8a4952de8a123ef8,0.47651252800977795
ck_49170c4b31a20f5c,0.11692809126094927
ck_2b7cadbc8b180d32,0.9287838663678958
ck_eb1006e7285184a6,0.6984314524343044
ck_646d8d0834782d6a,0.8602566714198411
ck_1b823610371a29c0,0.40737421063353024
ck_8dde670a735d1e90,0.8358525157873293
ck_37899b1b571b1c6b,0.39397025870849456
ck_82a8bdd2692c2a5e,0.03630067223467101
ck_5c67f27816ae0b6f,0.2413526176410674
ck_fb6e06ca88519dcd,0.41523731920961504
ck_f2c33d5b65b321db,0.6228967203096354
ck_ca1f6f01868e978f,0.6829496842534121
ck_22bfb9246646eb41,0.9560399266653086
ck_7cd9f39c50748ed0,0.11163169688327561
ck_62fd7eb46bee9210,0.6845386025667142
ck_c3c19d6a0720915c,0.05239356284375637
ck_7cd0634a6e60af83,0.7923405988999797
ck_2733fc6ba23ae46e,0.36101038908127925
ck_82f3f744209888ac,0.6214707679771848
ck_66eb09be007f0755,0.5770217966999389
ck_7f8e816ca51755e3,0.9407618659604807
ck_4185506d12cf9fa0,0.040171114279894074
ck_2659d1d3762a2825,0.3677734772866164
ck_df4424f6dd85080d,0.5007129761662252
ck_5e9e149a3b69c726,0.3671623548584233
ck_8288f7f226e08b89,0.43520065186392337
ck_a7285955e2852686,0.6605011203911183
ck_d099fca88691f66f,0.8343450804644531
ck_166bd1dcbaf4d6fa,0.011081686697901813
ck_fa5830d81bc8ddc1,0.08885720105927888
ck_18e2076397bcc211,0.8055815848441638
ck_f7285b92648c1c81,0.13758402933387653
ck_ff42557857ae3aeb,0.052719494805459365
ck_7956c251b85f009e,0.9597881442248931
ck_c2d3ecd7278eba2c,0.4446526787533102
ck_fa00aa0f3e859904,0.5176206966795681
ck_0063d2a9507467e5,0.19498879608881647
ck_26e9a7bb2061a58e,0.941006314931758
ck_d7607a213b800bfb,0.7236504379710735
ck_266ce7ccf41ccc50,0.6596048074964351
ck_8e16a64a776afa82,0.9211244652678754
ck_f7fc1bd0b9ab1fa4,0.5440619270727236
ck_a4fa8833995c716a,0.26290486860867796
ck_ab640420858ab5c4,0.8792014666938277
ck_5923f53b77193a58,0.7122020778162559
ck_d1bbfd246c0ac9d5,0.7656956610307598
ck_e007aedbf37d6ec7,0.7181910776125484
ck_9645e7adc08631b5,0.47614585455286207
ck_57bbb19eecb4b87c,0.16488083112650234
ck_96953b8945b7d403,0.8701568547565696
ck_1078b1e155b5b640,0.35106946424933794
ck_ee53ce862bc9c111,0.6159706661234468
ck_ba6e1115fceaa067,0.4842941535954369
ck_78181f8e998e442f,0.04184151558362192
ck_016e8c8eaf9d511b,0.7320431859849257
ck_e2aa7be60794593d,0.8136891423915258
ck_ae8e5dc4b725bc25,0.5177836626604196
ck_fc7935f784a4f249,0.42081890405377875
ck_05d44eb1f5f085ce,0.4452638011815033
ck_49886ff1e2c759d6,0.5753921368914239
ck_d87ab3261322216a,0.06714198411081687
ck_0ac9848bd4ba0c14,0.10311672438378489
ck_d115ac6b9fd62a7e,0.1367284579344062
ck_bdcf049c1e7d0c95,0.17901812996536973
ck_7743c9fe037d1f9e,0.6550417600325932
ck_37143d9cc296e6fa,0.607781625585659
ck_2f138fce1171e277,0.6451415766958648
ck_61fa051192f3e810,0.631126502342636
ck_417a3500b2c717b3,0.5713587288653493
ck_9473ea4a01c95f9a,0.7129761662253005
ck_de5eaa2cdbcb67ff,0.8260745569362395
ck_986e4e61440506d0,0.9551028722754126
ck_d3877e1f907cc148,0.7443471175392136
ck_2468a7e9e68a0927,0.2051334283968222
ck_c3ff6790cc6d7e34,0.29814626196781424
ck_bd85f30c36f5998d,0.837930332043186
ck_90bf017cdd37b66e,0.5765736402525973
ck_448456f96788713b,0.6630678345895294
ck_455672e652fe1abc,0.9694438785903443
ck_142dba210ed2f3b5,0.858993685068242
ck_895bb39d24bc1c4c,0.12923202281523732
ck_21ed2ea6386c5a07,0.03210429822774496
ck_61c74163eb36556e,0.806151965777144
ck_7e2ae8b69ebd5675,0.20994092483194132
ck_9b71274ff83de482,0.9819107761254837
ck_748af92828c9d288,0.10694642493379508
ck_6276ece8f80ea799,0.551395396211041
ck_f4a6a7cadd6e0603,0.6296598085149725
ck_33ad8d53394ba77a,0.9289875738439601
ck_f65e5ff7da565f91,0.09794255449174985
ck_49969a9abc47cb69,0.7471175392136891
ck_f1e0a006068aff29,0.465797514768792
ck_72b86e4485da2d0f,0.9947036056223264
ck_0789ff4562202b20,0.501446323080057
ck_bff090cb4ab76b9f,0.49794255449174984
ck_15de11438732bb05,0.5443471175392136
ck_9c9287cb28950eb6,0.686901609289061
ck_d11d27de7bf0b973,0.9381544102668568
ck_7f08078908599bd2,0.7440211855775107
ck_c1d1a625b885a975,0.7865553065797515
ck_2987eab34ca7805d,0.4290079445915665
ck_c2ed04a9d218410b,0.38647382358932575
ck_73d3e8c6077f61e6,0.852556528824608
ck_9a15fdefc47e8d11,0.611326135669179
ck_f738b633b8862d18,0.16231411692809125
ck_56eed7041add49a1,0.9199429619067019
ck_3fe86b6331ff95e3,0.8610307598288858
ck_34a69b3b4a681796,0.8822163373395803
ck_97d04a67a104af39,0.8317376247708291
ck_833a65b86a5d9bda,0.09105724180077408
ck_34dfb57e5bf31d2f,0.7140354451008353
ck_ba7e347251ea399b,0.6306783458952944
ck_31d4c0518e5f52c6,0.3081686697901813
ck_6f04d047d1dde75e,0.10059075168058668
ck_82b5b79ce3517102,0.9707068649419434
ck_80dfa54b30f65fff,0.9520880016296598
ck_3d7b1078e2d57c69,0.1354247300875942
ck_dae09c4e074af5dd,0.6867386433082094
ck_4ceb43ccd0a81c2f,0.2994499898146262
ck_0cff8153881875ba,0.4218781829293135
ck_439cf7d51ec7de0f,0.5070279079242208
ck_165a868bdef28ad3,0.4721124465267875
ck_3174419a81e7caf2,0.231126502342636
ck_0c3dd22587b08018,0.364677123650438
ck_88774ae52e30e877,0.44220818904053777
ck_c24f61925dc158d5,0.7830107964962314
ck_c543d82e22b3c8a5,0.2749643511916887
ck_c78c096ca8cb33ac,0.02558565899368507
ck_385188ab27784fe3,0.7369321654104706
ck_9947a323bab5cacd,0.7326135669179059
ck_86d7127391d4e01f,0.2487268282745977
ck_a1484e6215fac651,0.9699327765328988
ck_d4fd0e438c97e0c7,0.8349154613974332
ck_ac7fe1c344190c50,0.2697494398044408
ck_e7a6b925c8f39a85,0.6079853330617233
ck_38ee42f15a573e81,0.7755958443674883
ck_01fbafc42c8e33f5,0.36508453860256673
ck_d3137f0f7629040b,0.36019555917702173
ck_73a7794b659d7a34,0.11497249949073132
ck_c86520a00e50a926,0.8388673864330821
ck_7f6fa79c7a107161,0.21886331228356082
ck_643abfbd7548d0c9,0.5599103687105317
ck_1b0434f096795328,0.07288653493583215
ck_e527fbb9450a4581,0.968588307190874
ck_35bee1fc12664644,0.8927276431045019
ck_9e21ea33018ce538,0.5984110816866979
ck_0b34197335ba3341,0.2035445100835201
ck_a432b1bf1d3b3d5e,0.8663678957017723
ck_35c93b2924900376,0.5116316968832756
ck_6430a8792f400e0a,0.09655734365451213
ck_7ef666d67bc70223,0.3205540843348951
ck_a3acf4b986afa98b,0.9339172947647179
ck_5d1e25d7acc5af9a,0.23304135261764108
ck_d3885e286b3b11d2,0.8402118557751069
ck_e7f61b4a39ba98ac,0.06086779384803423
ck_c9690baddfc4177e,0.06926054186188632
ck_59fae092fb0c4aa3,0.468079038500713
ck_11960b5f1c7a5e2c,0.16997351802811161
ck_4b9dd69946438d0b,0.6695457323283764
ck_a2cc3910a641a808,0.9148502750050926
ck_018f780215ecaf38,0.16337339580362598
ck_baba5d66def0d770,0.7652067630882053
ck_cb1bd7635968ed8c,0.8682012629863516
ck_5a17c89219d1d9fe,0.44827867182725606
ck_3efb0e9bf25612c7,0.19511102057445506
ck_66f94903177f20eb,0.4088001629659809
ck_295565fbf77ef885,0.126746791607252
ck_0fb3153d37626b75,0.013485434915461399
ck_25fc3010e8a0f6d7,0.42627826441230393
ck_879cc3166fe1bada,0.06551232430230189
ck_a5e036327d3d1862,0.04347117539213689
ck_1694c28f44480e98,0.4446934202485231
ck_c6cb651149dc9a8a,0.15787329394988797
ck_c5b583490198672d,0.35815848441637804
ck_1b96d9af0d7da2d5,0.5348136076594011
ck_0a8029e79a5ae7ce,0.7657364025259727
ck_c77e22834ef97005,0.9441841515583622
ck_d8ddf5e99f7859e4,0.5977184762680791
ck_91742711dfdffd56,0.6954573232837645
ck_95b894380ad2702a,0.5126094927683846
ck_277621473369614f,0.9978814422489306
ck_5cb9d7b2329d5ab6,0.8389488694235079
ck_67025c64588abd1e,0.3059278875534732
ck_fef850553862aaca,0.17498472193929518
ck_7929284327667791,0.715746587899776
ck_319b059bb2145586,0.6461193725809737
ck_c190c7b924edba75,0.6990425748624974
ck_57b657aba4daffde,0.6013852108372377
ck_55d7217b0aff9fa2,0.3258912202077816
ck_1dade5592f90a15c,0.7136687716439194
ck_8f346b72fb40bf14,0.4869016092890609
ck_cfadd21458230ef7,0.16928091260949274
ck_793048d11fb8b328,0.8935017315135466
ck_70b9b79ea1aacba8,0.5179466286412711
ck_c54c5d8e4433b0f2,0.24493786921980035
ck_50422466f145bfd7,0.15832145039722956
ck_a3564236069e3524,0.9071501324098594
ck_ef059997563e3330,0.5645956406600121
ck_e14892e424180549,0.07508657567732736
ck_9f5f81d771146aa1,0.059482583010796494
ck_3a469039a5b9d963,0.168547565695661
ck_63601a58a6120d8a,0.4160928906090854
ck_9323e6fc1e168eda,0.9604400081482991
ck_bed8a480e27e911e,0.5117131798737014
ck_ddd6625c5eddad70,0.22485231207985334
ck_5d22e9ca1d15180b,0.9441841515583622
ck_cf36d8b070ded782,0.46779384803422286
ck_fd5609bd23a1eaf8,0.3969036463638216
ck_1982d571cd36eb0c,0.16752902831533917
ck_c021495606b4735e,0.4321857812181707
ck_1fc03ba33edd9e67,0.5164799348136077
ck_67e075c982add719,0.18142187818292932
ck_9040edd974ef8e3f,0.9227541250763903
ck_c3fe0c6c5e1f40f6,0.1912813200244449
ck_767947540b234add,0.4682827459767773
ck_e8298ff2dc1e9d50,0.34047667549399063
ck_becb6e1c608e0078,0.09985740476675495
ck_3ce7cad1f69b71d6,0.68490527602363
ck_ed0e776c0926ce67,0.6796496231411693
ck_14f0484b3817eda5,0.20798533306172334
ck_e2a1068c2fa22525,0.6894683234874719
ck_eb224c0fd146253f,0.6967610511305765
ck_f92e04024bf13558,0.010185373803218578
ck_a9161cf1ca22a6bf,0.34707679771847627
ck_1a46b56f4734d52e,0.7009981666327154
ck_cd655202db489010,0.18863312283560807
ck_a980b296c95153f9,0.7574251375025463
ck_beaacb4a783db21f,0.35249541658178857
ck_03009b721568ee98,0.4808311265023426
ck_37ad3a65db673e70,0.3317172540232226
ck_071ddaaf2e4e3671,0.15995111020574457
ck_019d5891103e7da3,0.48893868404970464
ck_1a065ea906ae3d6a,0.19201466693827662
ck_6f2f0396e5b1c538,0.9896109187207169
ck_055fb9f2e1c8c934,0.7019352210226115
ck_6fd8c86ac719d7eb,0.8756569566103076
ck_920bb003b42e6310,0.3975555102872275
ck_8beae3d7328fa41a,0.39050723161540024
ck_910205d25388a0ae,0.03373395803625993
ck_007337aa99a4891e,0.03935628437563658
ck_5df6529ce8290906,0.38109594622122633
ck_35f8656bf93e3b3d,0.3632104298227745
ck_0a2f8b2f8a5b6f02,0.1578325524546751
ck_fab4f2f8531b4827,0.40835200651863923
ck_7c4e588f927c27c8,0.8649419433693217
ck_7cdec61e1c488798,0.7627622733754329
ck_19468fe07e26f992,0.9843960073334692
ck_d021fd497ea35fb2,0.5791810959462212
ck_1b52590757c0fbeb,0.45410470564269706
ck_074be35c951ae10a,0.43670808718679976
ck_38e46bc861e0165b,0.5083723772662456
ck_201687857ec8b3cc,0.6688938684049704
ck_bebea2cf3063fb24,0.33611733550621314
ck_dfadff70a58a9133,0.03858219596659197
ck_d0c9633fed57c344,0.911142798940721
ck_3303fd3f64632c7c,0.8307598288857201
ck_9d4fed252718f58a,0.4071705031574659
ck_65ad9b15979e3247,0.5550213892849867
ck_93892e91387f5103,0.5259319617029945
ck_6f81c199e986d9fc,0.5269097575881034
ck_bbe1a2ea5a403ad8,0.9150947239763699
ck_a89b66665714058f,0.36496231411692803
ck_0e9b982afc88a3a9,0.9950702790792422
ck_f14dce41036486a3,0.9957628844978611
ck_5d7ae0e3562e99bf,0.8135261764106743
ck_d263b55f0a681cce,0.5843960073334691
ck_a443d49c2b4863b0,0.2266449378692198
ck_2baf214ad6bc0dbf,0.6376858830719088
ck_3ef7a03ebb81cfe3,0.3446730495009167
ck_95790440bc4bd2d0,0.42835608066816055
ck_841f598bbd54c83f,0.44131187614585454
ck_a7bc323ffed2ea97,0.9086983092279486
ck_f5100511609b92c0,0.006763088205337136
ck_2a07c7021b71cf65,0.8099816663271542
ck_44b9125526acb05d,0.6896720309635364
ck_c2b4a1d8c0b6c1cd,0.07361988184966389
ck_29c11bd68858e923,0.03133020981870035
ck_ace3b96c977a7560,0.9330209818700346
ck_e3d4b6f681c783ab,0.7943369321654106
ck_918c92182b6817cd,0.6670605011203912
ck_d66952b03591bdec,0.3249134243226727
ck_7a58e0cc9943c39a,0.20733346913831738
ck_cdd2ebeec75bfa69,0.946180484823793
ck_38703b7546d35a80,0.39409248319413326
ck_b60fb9a10d6f4489,0.7998370340191485
ck_bdf837d761a7cec2,0.9104909350173152
ck_4760216154c8cac2,0.9352617641067428
ck_b694c803b62862b3,0.4805459360358525
ck_d7877684c7923ec3,0.36630678345895296
ck_7384d4d2406aabf4,0.23670808718679973
ck_0c2932cc0d553694,0.2913424322672642
ck_bb41a66e3d90263b,0.8710939091464658
ck_5245cbc5ff4d4fa6,0.2697901812996537
ck_4df2fb8e4b649e27,0.38606640863719693
ck_bc6f07b06aaa4ce3,0.9553880627419026
ck_25a1ea40b2d59254,0.2525972703198207
ck_af65eb885a51048d,0.06640863719698513
ck_7a3f2961e9a8b6dc,0.47569769810552043
ck_a9f700eee5d638df,0.43141169280912606
ck_5e18870d8e30e379,0.6032593196170299
ck_e9047964952bee70,0.5071093909146466
ck_49c3bf13dc9471ce,0.5901812996536974
ck_4f63d5245b3ac1dd,0.5674475453249135
ck_291bffc7809f896a,0.16528824607863107
ck_9b5e7fe28208f5d1,0.3316765125280098
ck_8f21f2690c32c691,0.7331432063556733
ck_729cc0b46cc2e546,0.8961091872071705
ck_ee4d9a7449515908,0.11721328172743939
ck_2c629c657f73941f,0.5753106539009982
ck_e4df7faacdfe8c40,0.5102464860460378
ck_ddc865af1dd5670e,0.12344673049500916
ck_e52cbcd9aafd26b2,0.4277449582399674
ck_0ac9114076f5bf3d,0.4183744143410063
ck_7661d7ceaeb19f97,0.6447749032389489
ck_028c41b195280980,0.2834385821959666
ck_dcc125b178b79566,0.027541250763903034
ck_1f517e0ebf397b51,0.18459971480953352
ck_2c80a592fb4cd6a3,0.16406600122224488
ck_391639c0f13932f3,0.14589529435730292
ck_c36ed9f8e6792ea4,0.4580566306783459
ck_3689fa41748a6f6b,0.8423711550213893
ck_555848d51f4b5f35,0.21356691790588714
ck_27e4de495abb4d15,0.6638011815033612
ck_054ed4288ee58d6e,0.7674882868201263
ck_1422a7bf7756294d,0.9581177429211651
ck_27acc9f320cda104,0.8909350173151354
ck_9c4886c5c90ddbdc,0.191892442452638
ck_5efbea1befdefe1b,0.8881238541454473
ck_2f9fa0d61829f815,0.26970869830922795
ck_798ba4b8aa544fea,0.2374821755958444
ck_54e581f71be5430d,0.07777551436137706
ck_5b82c774df10d49b,0.019107761254838054
ck_01d840cffb870615,0.8913831737624771
ck_3a8ce1cc724229b8,0.025300468527194947
ck_8f43459991ea511f,0.46909757588103485
ck_f878b68d66fbfd4b,0.13383581177429213
ck_e84abfc0c747c9dd,0.9577103279690364
ck_083e4ac78685c3bb,0.6776125483805255
ck_fd242b18575e3063,0.8355673253208392
ck_b150fe4efb449b05,0.1725402322265227
ck_5e84bca0e362da20,0.4608677938480342
ck_95188150ff059c70,0.8369117946628641
ck_c20638a325ead2e4,0.1397433285801589
ck_dfd3dbd0d97a642b,0.44147484212670607
ck_5fdf8a0bdbd3ed62,0.5848441637808107
ck_d6df562a79b9d0d9,0.6603788959054797
ck_28c53b214b2ee882,0.870686494194337
ck_aa2b4c662ff213b6,0.534528417192911
ck_5a6593d954085775,0.21022611529843144
ck_558cfe5f77a55a9d,0.5333061723365248
ck_c7ae1d4b3ab38185,0.4420859645548991
ck_0fd826fad7ec7cd6,0.8200448156447342
ck_ad6d48c20a3688a7,0.16520676308820534
ck_123c15d93f1840f2,0.8007740884090446
ck_a75ece9a9044eed0,0.06856793644326747
ck_403da2a2d800df9f,0.8318598492564677
ck_7fd8b1470401695f,0.900468527194948
ck_cfb06f07394dfe64,0.1906294561010389
ck_aa01d5aafde73d0a,0.10560195559177021
ck_dcf851e7bb5855d0,0.055408433489509065
ck_2fa8f2577116e9ca,0.47492360969647585
ck_57deb202d4188a29,0.26392340598899977
ck_a95afc7a00303a26,0.663882664493787
ck_1f871df76c6a995b,0.8431859849256467
ck_1a6b30320835e57e,0.4698716642900794
ck_73c5371635aca173,0.9507842737828478
ck_1a9235812de4b2c1,0.5194948054593603
ck_ec26e327cc1848b2,0.15298431452434302
ck_0742fe64055d686f,0.033041352617641066
ck_076cbc25c8f15fc3,0.978284783051538
ck_ada46085a78280e4,0.5788959054797311
ck_0aaaa9d2f75a0518,0.7426767162354858
ck_4ff6fc70bccfba96,0.9548991647993481
ck_a6fc92aa91e99b77,0.939702587084946
ck_6031211ff118cf0f,0.014748421267060502
ck_920a48ba8c583e96,0.3492768384599715
ck_098167eaf124c279,0.6433489509064982
ck_91a0ca45f429568d,0.7929924628233856
ck_e077d004cd1d80ae,0.5430841311876147
ck_20a7d1ce6cc27312,0.244408229782033
ck_8d27ff8383d48132,0.11855775106946424
ck_c47e32c47f0e6578,0.9017315135465471
ck_9d7151dbdf100e0e,0.4730495009166837
ck_5dd80b3c01457bd8,0.4576492157262172
ck_8594f165e95316d2,0.19384803422285596
ck_a58e900469dfc3f0,0.48592381340395197
ck_f5178a658225d8e4,0.16822163373395804
ck_f5dde68f6f0468e1,0.02921165206763088
ck_a8a2e296f9804bd7,0.5599918517009574
ck_463937167965a1f8,0.6090853534324709
ck_12a074db100481cf,0.6712568751273171
ck_88e3dd3039508332,0.81006314931758
ck_9cdfaa1c30cc9d32,0.5379914442860053
ck_4e0e80f5cc271bf7,0.012711346506416785
ck_af69bfcf4f07d932,0.33069871664290085
ck_5a4d19f1b83feeb8,0.06722346710124262
ck_eaec5f1a83b66eb0,0.9215318802200041
ck_2c4be237a7ed79c7,0.07932369117946629
ck_e16528edc694fb33,0.9835811774292116
ck_3c177f5970b68bd3,0.36508453860256673
ck_ad7c256ea10c4a00,0.8802607455693623
ck_012519bb095ad36b,0.9929924628233856
ck_0ed2739384f1d644,0.2063149317579955
ck_48446a9e8184c7d4,0.1992259115909554
ck_31e1ede23247d56b,0.7515583621918924
ck_40052cac10562cde,0.2564677123650438
ck_3267fe3aac05c71e,0.2535750662049297
ck_c3db1b3ad4f16679,0.31028722754125077
ck_1b74b798eebeabdc,0.3284579344061927
ck_510e7c5df1f95d90,0.994173966184559
ck_948517bad569b40f,0.8134039519250357
ck_b16a7c51b6f7a6b1,0.8326339376655123
ck_b53ea8713d32ca7c,0.7154613974332857
ck_11bf1039f8b3025b,0.6375636585862701
ck_4b088920f3a844c1,0.41377062538195153
ck_c2015a1200971fe9,0.6360562232633937
ck_f5a32e6160b28379,0.19934813607659402
ck_b0b5bf9254700402,0.4686494194336932
ck_eeca179341d56f8a,0.9601955591770218
ck_d94dfde9e03c9d1a,0.6875942147076798
ck_938ce30c864bc7df,0.08747199022204116
ck_66d38518f68e6194,0.09117946628641271
ck_115d86fabde77b65,0.2740272968017926
ck_9e109edd124492a5,0.1292727643104502
ck_f29471fe7c818d6a,0.29659808514972497
ck_a27bc31eecd9cb9a,0.5369321654104706
ck_ed4427962c68918c,0.9842737828478305
ck_7b55d9bb1a250d4f,0.7518028111631696
ck_461e3f7b97db8d16,0.4541861886331228
ck_2ee84f3fa27f2cb8,0.17848849052760235
ck_bdee7c86f5ebe81f,0.6850682420044816
ck_719602def4d35fe0,0.5246689753513953
ck_87c26b2f41025109,0.9954369525361582
ck_c7baebe4549fdbb4,0.773436545121206
ck_6f847263379f2e43,0.5553065797514769
ck_95391029a21caa24,0.6941943369321655
ck_97402a153348e68f,0.1402322265227134
ck_f1acf73363925958,0.6536565491953554
ck_041614694b77e599,0.24611937258097372
ck_a7b57882ab66b111,0.11097983295986963
ck_71a0d645744302a3,0.49093501731513545
ck_bfc453eabb472f91,0.12633937665512324
ck_c33a762d98f9b290,0.5160725198614788
ck_9e75c6641939f4fc,0.7807292727643105
ck_d17653a4a2d4a79e,0.5521694846200855
ck_df20cc23b8fb8e22,0.39551843552658383
ck_62720b81617896cc,0.29802403748217554
ck_d6d2c1f6dfc455b6,0.9163984518231818
ck_a0b4209feb31f5c0,0.9981666327154206
ck_779cc0f2de4d5488,0.8645752699124059
ck_3152c7115257f084,0.5284171929109798
ck_a28d6b1601b472a6,0.43845997148095334
ck_761989aa4c47d746,0.6218781829293135
ck_97e3b04a1350f6e4,0.6987166429007944
ck_397d5fcc9972f909,0.7656549195355469
ck_bae8dae7cfd8baba,0.11696883275616216
ck_04e32ee9834c088d,0.9471582807089021
ck_bba0ccc6cd968680,0.8070482786718273
ck_1b34c420a4c85a95,0.2577306987166429
ck_a1201284122c141f,0.7203911183540437
ck_5ac335f02280271e,0.7615400285190466
ck_dd882323474431d4,0.6447749032389488
ck_f9604adde929beff,0.2031778366266042
ck_44211dc210139ed3,0.4642493379507028
ck_e5e5dc431bed6f9d,0.6093298024037482
ck_17d3022ca12eacd7,0.35779181095946216
ck_209f574c8d92274e,0.28160521491138724
ck_9fcde1ff46cbbea5,0.07634956202892647
ck_58fd684aa5a6f289,0.014585455286209005
ck_e96a5e1f08f8a867,0.12438378488490529
ck_90456160115f9ef4,0.23687105316765125
ck_70a60e095e9b706f,0.25459360358525157
ck_2d46291975f0dd08,0.03903035241393359
ck_f2734417c0db4ee3,0.23520065186392342
ck_651e076ee43aea85,0.46885312690975756
ck_74d602c907ee9119,0.2218374414341006
ck_4c99a6eadea143e2,0.7341210022407822
ck_8395f004cf4d4c08,0.37315135465471583
ck_3938e92585df2b34,0.5282134854349154
ck_bc32655ee5ed643e,0.6612344673049502
ck_ced9163ea85589ea,0.945528620900387
ck_9111e3a04b14dfba,0.8315339172947647
ck_791be3378dd7d64c,0.3810552047260134
ck_7cb0c9ded4d63027,0.538398859238134
ck_0db62d5f7f75f80f,0.2783051537991444
ck_1723900ab9afe374,0.6954573232837645
ck_54459b45d2be8459,0.4022407822367081
ck_a0543e9b3abe1001,0.5370136484008963
ck_08dba09fd7dab896,0.6782236708087186
ck_b9eaf03453ac7d5f,0.08918313302098188
ck_298922703c5bbe05,0.6050519454063964
ck_e662b14b2bab23a2,0.8172743939702587
ck_4a691892d9d6cf89,0.33306172336524753
ck_056d5f0301c30902,0.8229374618048482
ck_7cdce37d895eefb8,0.2506009370543899
ck_c0b8067c144ed6c1,0.8044408229782032
ck_856ea65fa27d06dd,0.8040741495212874
ck_55d0c7012d7ef236,0.6107557547361988
ck_9bedf54df9418e4a,0.09997962925239356
ck_00f9ca84d1d8ae7a,0.4545936035852516
ck_420d1a9c604293ce,0.7159095538806275
ck_9874ad160efddf50,0.3229578325524547
ck_f4f6f0caaab70040,0.22228559788144225
ck_a26704b5b26258b7,0.3476064371562436
ck_edccb5a93b741744,0.3175392136891424
ck_a5f7b6fed6df2aba,0.6052556528824609
ck_ced6b6dcdc7c201a,0.36484008963128944
ck_77549c1a41f837c3,0.5454471379099612
ck_aa5f3ab48c17fed8,0.8941535954369525
ck_2a5a4c18c2c7274b,0.3350987981258912
ck_e05d44e46c7174e6,0.23703401914850275
ck_0084d8ab6b1044f3,0.3854552862090039
ck_42633573639a3f02,0.9943776736606234
ck_0fc1086e1c9e04b6,0.41495212874312487
ck_0e6bebf8ae9b9b03,0.40765940110002036
ck_f158d9e5f101bb35,0.6277856997351803
ck_e107537a4cb738f4,0.5000611122428194
ck_ce1b06623e4a815e,0.09549806477897739
ck_2f4f94827984c426,0.17196985129354248
ck_e8ea56e122a5a487,0.7947443471175393
ck_2d7394afd61643d0,0.15290283153391732
ck_8dacf3a2061ca17d,0.5692401711142798
ck_315fb710a0e371e7,0.12287634956202893
ck_cdd7c77823c2257f,0.8233856182521899
ck_e9287b6d909d731f,0.3070686494194337
ck_d12d2924d0f7a64a,0.4365858627011611
ck_0dda35c0c64c7073,0.9939295172132817
ck_d1ed88ea4211ba4d,0.2522305968629049
ck_2103399bdb2898a6,0.48482379303320433
ck_1a524b5cc8da71b3,0.6743124872682827
ck_58e5359efc52e0ad,0.1949073130983907
ck_3caec7dd6f8d02c9,0.7332654308413118
ck_3eb73e56751c704d,0.7694846200855572
ck_37d47cf0f34574a2,0.14251375025463436
ck_66d0c6d6b67a8d58,0.1817885516398452
ck_98149ed45d38c4d3,0.7645548991647994
ck_00480407160e0743,0.4810755754736199
ck_d1ea4bcc407c7d5e,0.12621715216948462
ck_ac2f7397801036ef,0.6539009981666328
ck_799aaf9f2b9ef621,0.4433896924017111
ck_93c4e05699b3b7d0,0.439234059889998
ck_66accecabf3901c0,0.85768995722143
ck_f0c4aac04076a6dc,0.5168058667753106
ck_e3cb5f31d8e94448,0.9917702179669994
ck_e541967c681cb929,0.6532083927480139
ck_8aec3d3dd51517c2,0.5155836219189244
ck_23edb6d938a3b87b,0.16891423915257692
ck_740e760fdcd27835,0.30063149317579957
ck_fc40a16adfced018,0.36789570177225506
ck_7f0cd6ea3096f985,0.12422081890405379
ck_347386629d96c664,0.3389692401711143
ck_2366b29ed9887a5e,0.02285597881442249
ck_187317383400491d,0.13167651252800977
ck_dcbab304b55a42c7,0.2695049908331636
ck_ddcac1ab765ff61a,0.13151354654715827
ck_f39cfeb277ef6528,0.15420655938072925
ck_d69455220b21dc9b,0.20725198614789164
ck_b4703ee97f94d7fb,0.04668975351395396
ck_0e0bab173622db9b,0.793522102261153
ck_d6fe761ed0db3270,0.35929924628233856
ck_590716322ff147ae,0.6993685068242004
ck_494954023f0eb309,0.7717254023222653
ck_95e444a01e2ab4a5,0.5192910979832959
ck_0f909705e2e60f2f,0.11941332246893462
ck_6d03a542922b2ae8,0.4355673253208393
ck_b0ef193195a2138b,0.1403951925035649
ck_7b1660e942436e12,0.5327765328987574
ck_50ede3eb561a202c,0.4733754328783867
ck_4c4a939154446053,0.13350987981258913
ck_504a45ee08db72b6,0.20281116316968834
ck_f143641bf3dd0414,0.7364025259727032
ck_b7bd3a7f263f4f29,0.682664493786922
ck_bd23cf9bba1dd33f,0.4341413729883887
ck_e5f5cb7dd6ce4a37,0.571114279894072
ck_1658429acd5306ba,0.6406192707272358
ck_db1fa53d588bf99e,0.2945202688938684
ck_edcfa9e1cf29d813,0.7401914850275004
ck_b7c37d410b1646c2,0.25210837237726624
ck_73cab88b29c7845d,0.7560399266653086
ck_f42a43e4c3f34ccd,0.17742921165206763
ck_0d0a1a021efea5b6,0.7370136484008963
ck_f8f6a03613b6dda8,0.20105927887553474
ck_60557f077abc42ca,0.903727846811978
ck_d75f25184ece2b51,0.26824200448156443
ck_bb1a981306b750ac,0.7131798737013648
ck_7e561caa5fa1f3f1,0.4212670605011204
ck_e424148c6f2223df,0.20403340802607456
ck_4937cfa6526ea138,0.7006314931757995
ck_a72d6df666e1c21c,0.5930739458138113
ck_245f5d62ead5ef28,0.44673049500916684
ck_059806c52cebe4f1,0.8656345487879405
ck_547090bf35a3b243,0.4526380118150336
ck_19988702ccd79201,0.43560806681605213
ck_90b4ac695b9c6bf7,0.1755551028722754
ck_66267bbad1f1415f,0.9956406600122224
ck_ff6a6d3547dd2d37,0.3152984314524343
ck_03129b41457795d2,0.3217763291912813
ck_a892252e4e0c2828,0.7473212466897535
ck_b3905153b9eee924,0.772743939702587
ck_e934f984bad2ff91,0.9657771440211855
ck_8d2afe17c0082e6a,0.7457323283764514
ck_ea9edf9c107d429f,0.2959869627215319
ck_61fff5fdaadd394b,0.5188836830311673
ck_3edaa94d28cd48ea,0.6109594622122632
ck_f66f06e24ff32671,0.4290079445915665
ck_7cf562578c7f158a,0.11709105724180077
ck_66949171b387bb93,0.6789977592177633
ck_87d70f5fe48a6128,0.6176410674271746
ck_3ad3fd3cceb56b66,0.9405581584844163
ck_d229dfa0e4442628,0.026033815441026686
ck_4732da7e0d2dfc7c,0.21002240782236709
ck_2209de229b4c71c5,0.6860052963943777
ck_4ed711fe4053e74d,0.8660012222448564
ck_c78b2638fadd91ab,0.7068242004481564
ck_8bb6b0a292754576,0.8273375432878387
ck_0b615ed566da1f58,0.5968629048686087
ck_d2b3ce1ebabe9f93,0.48152373192096143
ck_d3b2b250da61db19,0.9760847423100428
ck_4ffe0366df388604,0.5316357710327969
ck_d2d4a8f4a9f2c33f,0.42530046852719494
ck_b378b8d8100ee4b1,0.5755143613770626
ck_20a17e8f206a14c8,0.6614381747810145
ck_9ed53de6ef779ae0,0.19926665308616826
ck_3f16e2cd7e6874cc,0.47520880016296596
ck_ef33c04f4c9e3758,0.6403340802607456
ck_8fd91a3c99e19097,0.9378284783051538
ck_0c6e7bd357e4a348,0.08046445304542676
ck_95654593cdebd141,0.08934609900183337
ck_9822f8ed05335741,0.4343858219596659
ck_11c7667920541587,0.35799551843552657
ck_ec3715add8bbb6e9,0.032430230189447955
ck_f09f9d0e0886e0c6,0.2605011203911184
ck_12107dacc6d05bd1,0.1035648808311265
ck_23a016cf6b98d89c,0.5120798533306172
ck_0e719b3a6906b8f1,0.04057852923202282
ck_7137eeb394d200f1,0.8453860256671419
ck_8026e017909aaa6c,0.15946221226319007
ck_ce36b0c287bd198e,0.7168466082705235
ck_926b81c0ba528eee,0.8855571399470361
ck_6b93bd8abf87b1d6,0.9845589733143207
ck_73762038c7ff2f6f,0.14190262782644122
ck_abd10fbcbaf2b038,0.40611122428193114
ck_7ebc5fa7f0d3b8f2,0.3563251171317987
ck_fe33eb743d714c03,0.5132613566917906
ck_17cc7b411f448e66,0.748136076594011
ck_5debd55f361b2ddf,0.2088816459564066
ck_350bf14e90b503f5,0.3969851293542473
ck_469c17407d17b706,0.5412915053982481
ck_004de16f7d8a42ae,0.4023222652271339
ck_27fd85b1e38b675a,0.0461601140761866
ck_05f79ddd8eefaa56,0.33856182521898553
ck_3a57a13ce032a6fe,0.24571195762884498
ck_c965fd6bec0f0ecd,0.7673253208392748
ck_a721f0d635fad68a,0.24514157669586473
ck_c29489366c01fe65,0.9892035037685882
ck_781b8288e54ba8f8,0.7975555102872276
ck_c9eb4df91ff07f2c,0.4848645345284172
ck_8a5a57858e8c77f3,0.7526176410674272
ck_76d010aa02eb477a,0.07704216744754533
ck_7a50abd42298133b,0.4691383173762477
ck_1d2b80ab6c4944b9,0.2851904664901202
ck_4e39e3b165edab58,0.92218374414341
ck_e0ccfa0d689339be,0.5667141984110817
ck_89790ff26c844bc6,0.6977795885108984
ck_94e8142728e44380,0.8342635974740273
ck_e3a22799716df39d,0.25728254226930125
ck_5217b55593a332ca,0.7901405581584844
ck_c1c9d3842d758420,0.647300875942147
ck_dd34f0a844fb115d,0.8660827052352821
ck_24cd0d779e866287,0.6156854756569566
ck_59f46321ecf6d306,0.3015278060704828
ck_e7c212f16d6df272,0.3071093909146466
ck_c69ef0f3e7d6acf9,0.7591770217967
ck_6c1dbee7e8fdd5c8,0.8454675086575677
ck_2ad0ecbacd5acf8e,0.9706253819515176
ck_d67d9dfb60b286b9,0.08396822163373396
ck_b35d803568f82d9a,0.43418211448360156
ck_af39767cf583905b,0.3221022611529843
ck_4450b55f462ae134,0.3280097779588511
ck_545b71eb4fa594b5,0.19441841515583624
ck_c0422e638a9c6046,0.6532491342432267
ck_cd7dcc884e283746,0.5135465471582806
ck_d6ea026357ec6477,0.31297616622530045
ck_e30e17db5473c7b2,0.8709716846608271
ck_5567779d6ba184eb,0.6325524546750865
ck_fca2798914627dc8,0.7289468323487471
ck_fff9fdc2adf5100b,0.9631696883275616
ck_0c45e54897ab34e2,0.7159910368710531
ck_507a6a580ab55c76,0.5019352210226116
ck_332ad134fb909869,0.3719698512935425
ck_ca60d61cd4dc3bea,0.06298635159910368
ck_59735f4ab2ad3da5,0.35591770217967
ck_ab9ea095a5c58b4b,0.6566306783458953
ck_ca0cc8ea9f344408,0.4976166225300469
ck_8e139f8925ef7968,0.32515787329394985
ck_9dfb2ae78659240a,0.5015278060704828
ck_90f6f5ced708aa75,0.03813403951925036
ck_4280c33af57eb4f4,0.05728254226930128
ck_5ac86682385c86b8,0.33078019963332655
ck_1bfa8abdb22be8f0,0.6193522102261153
ck_65491367584c730c,0.4005296394377673
ck_3d7db96995745472,0.4427378284783052
ck_a1c39df50a5873b3,0.6621715216948462
ck_ff7c26a62bda8089,0.12919128132002444
ck_09b0d8af304646bd,0.022081890405377877
ck_3c25029e40aa8a84,0.23214503972295783
ck_765aaf42c5088545,0.612303931554288
ck_e0f845159b6e6a4a,0.6053371358728866
ck_272ae2179bbd8e58,0.4517416989203503
ck_c0ce85fb4109567d,0.4880831126502343
ck_515379973a8044b8,0.16793644326746793
ck_b5c3075c811a2216,0.5128946832348747
ck_713159c5c6a7a4d0,0.9992259115909554
ck_5b3ba20c8bb1383b,0.3204318598492565
ck_67cdcdda3033842d,0.23544510083520068
ck_647ac26c5900f082,0.22974129150539824
ck_46d51648c1bf80e5,0.8776125483805255
ck_40b4e264d1a12b83,0.9473212466897536
ck_620d7ae27af83cea,0.5407618659604807
ck_b9e5b318ee4de68d,0.17217355876960685
ck_cd691e3466fb3742,0.47256060297412916
ck_7190177963eafdd9,0.31859849256467715
ck_362ce13eec1e33a0,0.13921368914239152
ck_646e270e0195bf05,0.3187614585455286
ck_472e0be7a3b533bb,0.6712161336321043
ck_0dae4a7eb587f3ba,0.637604400081483
ck_e6e7257377c37b28,0.7715216948462009
ck_b7f5d10b427346ad,0.3639030352413934
ck_3365a0ad1a8aa83c,0.4977795885108983
ck_7a43ef9c7b1c67b5,0.3069464249337951
ck_7456df89f3792235,0.23324506009370544
ck_5014a3b07e1f049f,0.9769403137095132
ck_9b12fb56529ebc4e,0.3709920554084335
ck_002eb6552b504ea1,0.42293746180484826
ck_170f4688e0acd875,0.8773273579140354
ck_ccc83cf66365357b,0.5656956610307597
ck_4719112b55d20161,0.3911183540435934
ck_a02aeec1914c158a,0.28083112650234265
ck_ad4a4daa826ac68b,0.7947443471175393
ck_0d40961e47797027,0.26934202485231207
ck_114c32aad4b6183f,0.738072927276431
ck_6ee939b7f396975f,0.20293338765532695
ck_202f0c14b07ace01,0.4809126094927684
ck_09fd43f1b7e2eca2,0.19221837441434103
ck_189b6fbe9b9192e7,0.5414544713790996
ck_1383b2b1875000f2,0.6090446119372581
ck_00bd7803f2530c68,0.6244448971277247
ck_4085cd3bf2661518,0.32845793440619275
ck_79323eb5d2e5efae,0.1322876349562029
ck_7d1661a34164406e,0.9530657975147687
ck_ec30b61cbf517db8,0.15041760032593196
ck_ef346071f0b7654b,0.5799144428600529
ck_4c2f2eb657c2c60e,0.21707068649419436
ck_832d39c590a3ca75,0.9757588103483397
ck_7cc5e0fa3ca5a713,0.20896312894683236
ck_08b4619490e751a8,0.9833367284579344
ck_e0b3158111370118,0.3710327969036464
ck_2685f38930866af0,0.7372580973721735
ck_cd6fbd4e8724f994,0.6477082908942758
ck_33160c443d4b3f19,0.5518028111631698
ck_2a2c336a69b8d68d,0.6399674068038297
ck_805ee564bd35ef15,0.3681401507435323
ck_08a0355d1f1890ef,0.16088816459564068
ck_15fe2a47fa7e92ea,0.22672642085964556
ck_85ca825f905a34a1,0.6469749439804441
ck_b6527a85fd682554,0.7395396211040945
ck_9dfaca4c7c80b10d,0.7925035648808311
ck_ffb4d892c5158201,0.17233652475045835
ck_a544e766540861fc,0.7478916276227338
ck_354909fecf5da8cf,0.5099612955795478
ck_fc5ea49518e5d637,0.08168669790181299
ck_7c12de74de30b788,0.9056426970869831
ck_7f9a748110d70005,0.514768792014667
ck_732f725747393ec8,0.39576288449786107
ck_2452a30397dfc54c,0.44257486249745365
ck_08fb463e69f647c8,0.9887553473212467
ck_49df70f908dfd069,0.7128946832348747
ck_7af748a23775bd54,0.7875331024648604
ck_5010ffb1c94187b5,0.1609696475860664
ck_68250033717cd59e,0.20179262578936646
ck_83dde7da2bf647ac,0.14377673660623344
ck_8bbb625384edebd7,0.049215726217152166
ck_5eaeb87bf6207406,0.9914035445100835
ck_0a7adc2f27f98510,0.6241597066612345
ck_c3719a30414bbb4d,0.6869423507842738
ck_580f136ced341298,0.21645956406600123
ck_70d69e5d1bb99e85,0.3861886331228356
ck_c3476080516db25d,0.42945610103890813
ck_d4e0b2a12fcfc35e,0.23308209411285394
ck_2ca91214c357c072,0.8710124261560399
ck_c3ba7534cefc1de8,0.6906905683438582
ck_e967ff05514b697b,0.6385414544713791
ck_2d3d7d64a6f443f8,0.44277856997351805
ck_9ccc030ba2de9fb2,0.5769810552047261
ck_387e5a7f163c7837,0.41417804033408023
ck_d51df5e9fbbbcc94,0.8051741698920349
ck_15254db133b28371,0.40570380932980243
ck_5ac959cbcc5e98f3,0.12373192096149928
ck_619842688294dabc,0.46306783458952944
ck_179ed66cdfc1ce27,0.20399266653086168
ck_3a70b4ee59084715,0.3530250560195559
ck_c1dd3feb9a0b6471,0.5717661438174781
ck_235ce9603c7dccbf,0.7435322876349562
ck_edf1096809e83ef8,0.01311876145854553
ck_83c2c34add971d76,0.11199837034019149
ck_0a4e191cd0a57ce1,0.19519250356488083
ck_472c81a144f4631b,0.45850478712568743
ck_81818169208a8cda,0.5307801996333266
ck_06aee5a62a67a84c,0.886534935832145
ck_754cd7b4a5ae3f94,0.800692605418619
ck_3428910b44b9d08f,0.6867386433082094
ck_a9d2bb4f2bde7052,0.1898146261967814
ck_6482ed4491bedcaf,0.586066408637197
ck_966d4d713cbc7792,0.14047667549399065
ck_1c8c969667cbaab2,0.960765940110002
ck_94295287a04c85d2,0.8974129150539825
ck_466103ec5bd9444b,0.1280097779588511
ck_3c0031d7514da17b,0.5124465267875331
ck_9757163e25262b74,0.8396007333469138
ck_c8ad3f01319c065e,0.6444489712772459
ck_d35e3aa9ef5d405e,0.9305357506620493
ck_3397c7856b4669a5,0.021878182929313508
ck_1745847cd4e5dc83,0.222693012833571
ck_4b84357ae8ec7777,0.6419637400692606
ck_bd771efb4a7e15d0,0.6851089834996944
ck_764d40f865e710af,0.7469138317376247
ck_021c6a4a7e3f1f0e,0.1806477897738847
ck_123d75ffb75b606d,0.302750050926869
ck_b48cd8593533fc1d,0.9324098594418415
ck_c7b17f7b24bef5d7,0.48123854145447137
ck_b11e22e75d9b99de,0.07537176614381748
ck_c7550723b90e5615,0.27394581381136685
ck_4dfd8947f540eb24,0.4663271542065594
ck_731943c682c9394e,0.6354451008352007
ck_7db098a17374bbf8,0.9465878997759218
ck_7f3132d6be389657,0.8556121409655735
ck_95458880a54df0b1,0.8176003259319617
ck_4c6ea04ce8ca9e2c,0.4587084946017519
ck_8777beb11aabd66d,0.5579140354451009
ck_60c3d8306527a08d,0.13799144428600532
ck_cf8ecabbc61d3e11,0.1558769606844571
ck_5189a302cfa7cefd,0.057078834793236916
ck_77f293d44b4a3d2e,0.615563251171318
ck_bed50fc64fbbf8ec,0.265797514768792
ck_929bcae878a3ecb3,0.9356284375636585
ck_f7c6c26ef3c4ae06,0.6103483397840701
ck_59a9e000fa275e1f,0.5917294764717865
ck_3ed9e081959b2f5c,0.23458952943573028
ck_57f17254e2688637,0.5383173762477083
ck_52dec82e9cf6135a,0.3707068649419434
ck_d91ab840848a54fc,0.03524139335913628
ck_c886adec7bac250a,0.5564880831126502
ck_63d4f5076fe4406e,0.2807903850071297
ck_ac0ea27e692acdc9,0.512813200244449
ck_ba845332b730b596,0.09317579955184355
ck_7e9a8924eab779e6,0.9663067834589529
ck_38abb60995114f8f,0.8627826441230394
ck_323b9cc5c49f8ea0,0.9362803014870645
ck_c530235393360e3b,0.6154002851904665
ck_1355db6f4010232a,0.2333265430841312
ck_1cec1ed1512a2d3d,0.05443063760440009
ck_5c0fe988b8aa7fcb,0.8411489101650031
ck_79e202f06d8dfe42,0.8497861071501325
ck_e137400825a1e3e6,0.15408433489509066
ck_fefc49a2b8ad993e,0.3979221837441434
ck_7510b1023cd08531,0.3941332246893461
ck_b95fbf2b5640aa82,0.7204318598492565
ck_f4536ba8dd2d551d,0.6268486453452842
ck_9dde2c63acda3ba3,0.1582807089020167
ck_59472d17debedafc,0.5007129761662252
ck_b0fa8b84e94d8ae0,0.7774292116520677
ck_5b52ee0a13c71590,0.2906090853534325
ck_ad3c4be96599554a,0.3987370136484009
ck_458531c22ec2f9b3,0.3921368914239153
ck_b379c198d6db2d62,0.48233856182521906
ck_ed9c56fdb9f45ddc,0.9199429619067019
ck_b3ab3c210e2c7c19,0.6296598085149725
ck_98b34f2d704c1c2a,0.3533917294764718
ck_6def9d0429e4ed4b,0.6817681808922387
ck_ac68d707006c12a8,0.5568547565695661
ck_829cbf5ccda481ae,0.3755958443674883
ck_43ea894480567274,0.25874923609696476
ck_5e36042cfad96c99,0.9749847219392952
ck_891eaedae139828e,0.5706253819515177
ck_68ba25dc3385fea1,0.6514565084538603
ck_4a522ca2dc4831a0,0.09109798329598698
ck_a152165caf295b51,0.30674271745773074
ck_31c54d540b128843,0.11725402322265227
ck_cc447fcc24a0772b,0.910246486046038
ck_8a16eb584093b12f,0.04359339987777551
ck_259271c70f3fbcbe,0.7419433693216542
ck_bd86132499defcd0,0.3581584844163781
ck_7a4e3d553e8ab5b7,0.7913628030148706
ck_8ee08f6777cc155b,0.6957017722550418
ck_604c710141327a81,0.30197596251782444
ck_3f1287e6c27de0dc,0.21707068649419434
ck_ae91b4cff57fb3bf,0.48262375229170906
ck_8d5fa65717d2e0c6,0.4807903850071298
ck_c0b744eb9e7d4eb7,0.6271338358117744
ck_90114c891239d821,0.09150539824811571
ck_85de63d278f0fbae,0.08824607863108576
ck_3d41faeb96802f68,0.09342024852312081
ck_2cd21137a07fdd7d,0.06779384803422285
ck_168e7ea341a36b80,0.1621104094520269
ck_db23a0e3e54be60c,0.9575881034833978
ck_a958b2461ffc21a2,0.8081890405377876
ck_0b3c3bea0e0ed339,0.5838663678957018
ck_be5df076b8a86409,0.0951721328172744
ck_2d1548f1ee405cc9,0.5680586677531065
ck_7176bbc97b1e42a1,0.18834793236911795
ck_ad9e2088a33c8c72,0.009492768384599715
ck_324b9939d9c1c31e,0.21010389081279282
ck_dfc8f5c141fd7c63,0.8050519454063965
ck_16fc77b2bcf5ec03,0.9762069667956813
ck_4f521611ae14ae66,0.18166632715420655
ck_a7fcf7b592f68ca1,0.5310246486046039
ck_8311cb6755b2016c,0.15078427378284784
ck_724085c3452d4693,0.9114687309024241
ck_a0db4ccca08030c3,0.9416989203503768
ck_de39c1947fb675ee,0.5830107964962314
ck_96a9221a87be93c3,0.6072927276431045
ck_98217aeafa0bfefd,0.3553065797514769
ck_f4a7ac178fd55f0e,0.16516602159299248
ck_5d818522cbfe2a54,0.7503768588307191
ck_874eca6776b34dec,0.17433285801588919
ck_7262b4e0c29c942d,0.3321246689753514
ck_20cd2f5666719baa,0.26653086168262374
ck_d7ad9921a4d25926,0.6705642697086983
ck_d56ee1654378ffc7,0.41719291097983296
ck_2c7667f64edec2b5,0.36284375636585864
ck_78730527f8ba1438,0.8702790792422082
ck_794ba5921cef50c9,0.790588714605826
ck_b8cdd6d6dccc4554,0.15343247097168466
ck_12cbb211ebd2b437,0.6479527398655531
ck_85cb5033fca7c846,0.48743124872682825
ck_1e51199a075ca0fa,0.12344673049500916
ck_e0f3ea3373dfc4aa,0.6467712365043797
ck_40799e129fcf42c5,0.9144021185577511
ck_5d4ed73b9efd7d11,0.3495212874312487
ck_243b1b9fdd3f9a74,0.03585251578732939
ck_9d64187c0800f84e,0.6314116928091261
ck_01eb24c18ad11fca,0.5507842737828479
ck_a0e46b67e986ab56,0.35954369525361585
ck_cff18e2d8c520272,0.14858423304135263
ck_6a27c44b691dbfac,0.5721328172743939
ck_e6ffd0754ac08661,0.010144632308005703
ck_a7acd5b015823793,0.5880627419026279
ck_c3f360c2d0ea0a37,0.5850071297616624
ck_38da3bf629458682,0.21894479527398655
ck_9a0b605e9c3220c4,0.4366673456915869
ck_e980d325b8dbb8dd,0.0177632919128132
ck_75b69034000ca7bb,0.8568751273171724
ck_d451d24c780b5884,0.3563251171317987
ck_2e824b0b27494a17,0.6345080464453046
ck_23caafc2cd34242c,0.4167854960277042
ck_ffe2aa26f597e552,0.618496638826645
ck_eed7f1f7548df15b,0.35465471582807084
ck_eeb75f8a6439f65e,0.6238745161947443
ck_2e481d75d110c06d,0.9232430230189448
ck_192579ecdca7ff83,0.4989610918720717
ck_869b1878d09d230d,0.8831533917294765
ck_323a71f9452d21cb,0.9706661234467304
ck_5e68ea2c5e893cf0,0.7868812385414545
ck_be52a7ec43241ba4,0.6224078223670809
ck_77b56c49cfdb1d81,0.8809126094927684
ck_15e0b679931f7a8d,0.41817070686494195
ck_93776b0c113f41f0,0.8737421063353026
ck_1f2760764afa45e8,0.17909961295579546
ck_3fa1a523d77cd619,0.42212263190059074
ck_0e13c4f73818149b,0.6452230596862905
ck_59be61b53d971611,0.24827867182725605
ck_87eb43e3b9d96169,0.7153391729476472
ck_9b7167da0920c37b,0.9207577918109595
ck_6cd8e0196365c474,0.2948462008555714
ck_9951bd806c13c7fd,0.48910165003055617
ck_c6d2e11a368184e6,0.26942350784273783
ck_c646cdead6fb79d0,0.5599103687105317
ck_abaf371ec8249c4a,0.7601955591770218
ck_ccb3767c239018c1,0.11342432267264208
ck_e5d1462846154a75,0.6261560399266652
ck_939fede90473e412,0.44387859034426563
ck_bc89644ae3688995,0.2401303727846812
ck_71c917295020ccc7,0.42367080871868
ck_1d58f6caaa4d012c,0.18883683031167242
ck_609c249edd88c565,0.0799348136076594
ck_b1496c474c4a3239,0.060460378895905484
ck_00a07fc2a9183c3a,0.048889794255449176
ck_2122f201e65f76ee,0.23621918924424526
ck_a5051eafe8b51224,0.5615400285190466
ck_129e39ddfde92eeb,0.09786107150132409
ck_102db9615e722c9e,0.8378488490527602
ck_b6a2bdb2d335e1d0,0.9895701772255041
ck_c4cca8278bdad9b9,0.06730495009166837
ck_212525e2828a6c45,0.3485434915461397
ck_84ad096a46e1a960,0.6026889386840497
ck_1294f7af22fade11,0.7719698512935425
ck_0d33977c3de8cfaf,0.9946628641271136
ck_5c47b49c26cce286,0.5514361377062538
ck_f558fe02bb0219b8,0.20594825830107966
ck_c09c914e416edd08,0.5399470360562233
ck_f8b3cdffef535330,0.791933183947851
ck_46a8db16ad00b749,0.6688531269097576
ck_310f73940fc4cf4f,0.5965777144021186
ck_3d7fa32dfb9fc692,0.6818904053778773
ck_fe8e5a6c880ceb4e,0.4920350376858831
ck_7176d12b18f2cc0e,0.36088816459564066
ck_61d244b2cde483af,0.48164595640660013
ck_3865b7525b910893,0.6409859441841516
ck_efd7b9e22c6317d6,0.4990425748624975
ck_5e418a7c04437b4a,0.670034630270931
ck_2db3fb565e0211ee,0.19763699327765327
ck_1071d14c46c92379,0.9848034222855979
ck_1d7cd5dcbcdafd7b,0.9395803625993073
ck_dca9dc465f759db4,0.13208392748013853
ck_0d4dfd93086e7330,0.5716031778366266
ck_16077934338472bf,0.06310857608474231
ck_5249b223000915ec,0.6268486453452842
ck_125c5a720ecb177a,0.7301283357099206
ck_62337eccb1672737,0.6195559177021797
ck_13376c59b5bd6943,0.05846404563047464
ck_399e45e5fe9beaee,0.3978407007537177
ck_946afc2943298d26,0.7146873090242412
ck_a6e8e8f535b1f1d1,0.8156447341617438
ck_7c0fdfbb447cdc04,0.5595844367488287
ck_ce0166addb93bbad,0.11770217966999388
ck_7d28da4f1dab09ee,0.9417396618455898
ck_0508908697f60ce3,0.8753717661438174
ck_d96eb3cc55f2772f,0.30303524139335913
ck_b4384b6c11766ce7,0.2886942350784274
ck_e5cdbe3aa12c97f6,0.7407618659604807
ck_9f3861940d8d873c,0.5647178651456508
ck_d74a62ab3804a81b,0.35127317172540234
ck_7cffb189f4f514ec,0.9901812996536974
ck_ec8738ec663cd2eb,0.35840293338765533
ck_715966f86d5c913d,0.05874923609696475
ck_6da9c5912e15d9a8,0.14361377062538194
ck_c081e1967dcd811f,0.7511916887349765
ck_f9f93d1d41be1468,0.9487064575269912
ck_583d6ca78c97d91e,0.9191688734976573
ck_533c4f7400d5ab22,0.8749643511916888
ck_80c0a7f54ff4895d,0.13403951925035648
ck_a60d6b324bae0330,0.5866775310653901
ck_4eb1c12f7d092bac,0.10413526176410674
ck_5a9d5f9901e37e31,0.40501120391118356
ck_5ee32bc6bb5d1d4c,0.7877775514361377
ck_4684fdd61c6a0fac,0.54911387247912
ck_510bfbbee37ff436,0.3172947647178651
ck_a964e6b5d8415334,0.9094316561417803
ck_1b708e2a4a0584dd,0.48462008555714
ck_2369689bd795ee10,0.24294153595436951
ck_e9dcf535f8c289eb,0.8201262986351598
ck_09748dfe4df3d540,0.12752088001629658
ck_2ce5afbc014763b8,0.5366877164391933
ck_132c16312f37810f,0.07569769810552048
ck_010264ae04f2e902,0.9030352413933591
ck_fec0ff92fd622253,0.7334283968221634
ck_6343e0d3b1c2962b,0.6291301690772051
ck_be51f4e5e6b85768,0.8470564269708698
ck_f2bdcfb4203ffdee,0.5582807089020168
ck_9720a472a3e0140c,0.2840089631289468
ck_9aafc33fba1474cb,0.2112446526787533
ck_5403c76fe68a08ba,0.907639030352414
ck_6e606f73a1094afd,0.8351599103687105
ck_ca9d86f65cfdf018,0.626889386840497
ck_b9f6040eebd1605f,0.7684253412100224
ck_b447badc9138987d,0.022367080871868
ck_7fc513033af061af,0.7371766143817478
ck_01c631b38e8a9535,0.29777958851089836
ck_30753ffe481a1b8c,0.9137095131391322
ck_9129c92c12e0c8b4,0.18134039519250356
ck_c401a26725b17177,0.1736809940924832
ck_117d78ccd5820f36,0.3217763291912813
ck_b5777605668bfca1,0.16948462008555715
ck_0e5385c70c6de025,0.23377469953147278
ck_6a0f8f8fa4a3c2bc,0.5292727643104502
ck_1c65e8d5be3b9c60,0.9128539417396618
ck_432cc19c7eeaa46e,0.4856386229374618
ck_ec7406cb5cbc8f10,0.05031574658789978
ck_18eb1f9181f95df4,0.3019352210226115
ck_b837c7dac2a9b931,0.6336117335506213
ck_acb84dc2351eeb76,0.17042167447545326
ck_812cb3a4482cc618,0.6222041148910165
ck_1436f6e11d4008f9,0.31798737013648404
ck_cb83b9f806e90dc6,0.8830719087390507
ck_60ac5e5f375daa38,0.47190873905072317
ck_a7e669cf1c3985aa,0.8296190670197596
ck_675c0ca1ebb1051c,0.3579140354451008
ck_398f3f4cf05c721b,0.1735180281116317
ck_3364a1d9261b3638,0.39580362599307395
ck_8dbf61df902a6bbc,0.19433693216541045
ck_25e551a0a8d2fcc2,0.6523935628437564
ck_7831ca5c31fb3859,0.812303931554288
ck_7989376f8cf64a9d,0.29207577918109595
ck_0027ba644f9ae2cd,0.8696272153188022
ck_02a9104419a6dbaf,0.4400896312894683
ck_f97c477986043755,0.03740069260541862
ck_4b68b38c1b3326a3,0.44954165817885516
ck_190bc849e5ff5401,0.8062741902627826
ck_a0e96fed380440b2,0.5852515787329394
ck_bd25ea782e375b22,0.584477490323895
ck_50ed8f4e7ae6710f,0.5130169077205133
ck_86a2d852a9715432,0.5045834182114484
ck_5954f45a2ab45f43,0.3522102261152984
ck_5fc65c24e0736d5d,0.9834182114483603
ck_51d842e6dae74c71,0.21181503361173354
ck_b05c4d33c4f43639,0.7287431248726828
ck_538fdbbb3c2bcbbb,0.8623752291709106
ck_735f244b99e3aa8d,0.11607251986147891
ck_5a4eb535c9a11993,0.6847015685475657
ck_706a4f673a9fda3b,0.9258504787125688
ck_b92b11d205af91eb,0.10723161540028518
ck_84569a8fc50e73ac,0.6304746384192299
ck_a5ecbefa849ae569,0.31269097575881033
ck_40bc6de252865f32,0.11142798940721124
ck_4666232ddbf77756,0.23495620289264618
ck_aa0b083e2a6813eb,0.4413933591362803
ck_634276b05f4381f8,0.4654308413118762
ck_fbff7b5da8111567,0.20725198614789164
ck_c00e70606904539a,0.32695049908331636
ck_0e808afe2570ecac,0.3949480545936036
ck_b1495ee5c59a6b28,0.43707476064371564
ck_724e459b9ece38f4,0.7145650845386026
ck_3c08546dd0c92863,0.18040334080260745
ck_aa9b28e7fc43af79,0.9276431045019352
ck_f2f3cf9cd23b2809,0.587981258912202
ck_19660cec756632ca,0.28372377266245674
ck_221b5d40358230f4,0.2728050519454064
ck_dcbe6814fc4ca0b4,0.7390914646567529
ck_5f0be7b468a72333,0.3252800977795885
ck_49685deb63e4e8f8,0.45691586881238544
ck_032880f1114dd51c,0.6970055001018538
ck_238e53b6dee8c301,0.09390914646567528
ck_7c7ca54969eed187,0.673579140354451
ck_a6c740041faf0bd5,0.3672030963536362
ck_2455d43bbdd2bb69,0.39079242208189047
ck_6c54adce174f45f4,0.08677938480342229
ck_192bbfd0d5720134,0.1527398655530658
ck_85e5494ec20383ae,0.6678345895294358
ck_479a065d5903e9c3,0.30702790792422086
ck_408efac1d3885ff8,0.5340395192503564
ck_f7e958a286ae3b57,0.4508046445304542
ck_8dd44eead7d765a5,0.5541658178855164
ck_2c4d25acbe3fabd9,0.42974129150539825
ck_621c9ddde6bf2eca,0.5388062741902628
ck_2df4854186ec515b,0.2724791199837034
ck_a15fe7d0f4b65c33,0.9370951313913221
ck_73b729cb161487f2,0.2410674271745773
ck_053746067839696b,0.2502750050926869
ck_0576b00d728bdf19,0.45691586881238544
ck_daaa995f3c2f0e47,0.6095335098798126
ck_a777c813551281fe,0.372458749236097
ck_c4de808ae69c771f,0.31696883275616217
ck_1d3e561a7d20be0a,0.9938072927276431
ck_4cc11c7d3ca61f73,0.3698105520472601
ck_fd78f8a8663646d7,0.23560806681605218
ck_3b150afde386ecff,0.42200040741495215
ck_9fb11688dcfe1513,0.4107964962314117
ck_924e572517515f19,0.9522509676105113
ck_eda55c8fb47593d7,0.33966184558973317
ck_e066f71f8b296b7a,0.5060908535343247
ck_32430e678c4f9f53,0.47031982073742107
ck_7484c214c889fe7f,0.7000611122428193
ck_7bf668e25abeeb05,0.361091872071705
ck_3925f8565abb7fe4,0.2970462415970666
ck_933789b55361d7c1,0.9392951721328173
ck_04212a9bb9b28696,0.9973110613159504
ck_f04938570a154de3,0.3904257486249745
ck_4ac918e884cff336,0.726094927683846
ck_666b95e75d99ec4e,0.9822367080871868
ck_9b665ef46d785324,0.24656752902831536
ck_de056e37c82e8e00,0.6775310653900999
ck_618c4e5cfae99dcd,0.771480953350988
ck_3b74512f774a6e5a,0.46143817478101445
ck_1ad36046aaeb816c,0.29252393562843754
ck_2df5a9fc87553eb1,0.68490527602363
ck_b367449195e36499,0.3700550010185374
ck_1242aa4496576a99,0.3424322672642086
ck_133d8a1ac7c0e301,0.9898146261967814
ck_b804e784cde9af8b,0.44306376044000817
ck_4b3506b624e5193c,0.30710939091464656
ck_475ea9aa6d3898b7,0.7712365043797107
ck_337b24a474010abb,0.9930332043185985
ck_749e0e50c3907be8,0.07321246689753513
ck_d1157eade2ac3975,0.691749847219393
ck_c2dccbc1b24b137b,0.9612548380525565
ck_af02e1817cfa40b5,0.9191688734976575
ck_e9a2495dea8675e2,0.5376655123243024
ck_1df4a1781a0f6999,0.44831941332246894
ck_f85155ca5c312c7b,0.8925239356284376
ck_ff090498c4b17ac3,0.6491749847219392
ck_17673a1c2867888a,0.03805255652882461
ck_cfc2384f22954830,0.7757588103483397
ck_bd2cdd53fca26171,0.5685068242004481
ck_ec1c902b9b9b9c5f,0.7206763088205337
ck_317360ec0a67d27e,0.7463027093094317
ck_3e3ea5d8c4a229dc,0.49651660215929927
ck_546ad962d04b7de4,0.9957221430026482
ck_82f07504ab59ed33,0.7885108983499695
ck_382ebf136f7fa337,0.868730902424119
ck_ed471e496916ee15,0.07557547361988184
ck_0ec820b670d48098,0.10136484008963129
ck_0b20bfc515ba42a2,0.3903035241393359
ck_42341cf31c08c981,0.27349765736402526
ck_42dcf92e9e016922,0.4695864738235893
ck_424c254249a109f0,0.8600122224485639
ck_ba576d6d4cb6130b,0.8494601751884294
ck_529fc3170fd11abd,0.6385414544713791
ck_be48f583f79427f7,0.5036871053167651
ck_94fff69584dd3b2a,0.653167651252801
ck_6babe5b8674ff51f,0.38219596659197397
ck_7e826e233d6ea028,0.7150132409859442
ck_d55eb81a4d543c59,0.2999796292523935
ck_12e2b5ebfe8986b2,0.2626604196374007
ck_206f8e3cd72768f3,0.36443267467916074
ck_a2d7a563f520b7ea,0.4814422489305358
ck_47cad6c3def4c9e4,0.22265227133835813
ck_46bc797b4d07d607,0.16720309635363617
ck_bda299466bb2136e,0.46103075982888575
ck_77fce5f86f00b8f4,0.9220207781625585
ck_25822068c86c856f,0.6541047056426971
ck_9191579254663f5d,0.28914239152576904
ck_311d395fa9b8550a,0.44518231819107756
ck_31e7742f160980ef,0.6173151354654716
ck_f3dcd818db92de7b,0.5787736809940924
ck_150a1108f936e6b0,0.09708698309227949
ck_4c37586080edb7fd,0.05642697086983092
ck_6f8ae0319c07cafe,0.0907313098390711
ck_fb2a35571ec719d4,0.9333876553269504
ck_e45012f22b7f91d5,0.12996536972906908
ck_70e6bca473bf6902,0.26983092279486653
ck_e7501307c0698e5b,0.33281727439397024
ck_e08e9c8ec5f23d8b,0.6688123854145447
ck_72771757dfb7f7a8,0.6484008963128947
ck_fc418f53ce4aa579,0.9841108168669791
ck_c1ab40638f04cb02,0.39621104094520265
ck_f01be92dc78a2dc7,0.49154613974332856
ck_703703bda38fdcf8,0.36455489916479933
ck_a1c78972e4ee4082,0.4613566917905887
ck_255f0e5888ae9e23,0.7854552862090038
ck_3b66196ccf436c35,0.41214096557343655
ck_75fcda73f0b43557,0.777306987166429
ck_d3e208671cf37f91,0.9821552250967611
ck_233397a8bd40d38d,0.16280301487064575
ck_01e7960c63dca3a4,0.974088409044612
ck_d932f98bf6b83956,0.9295579547769404
ck_abbd1465fc730d78,0.1971480953350988
ck_7890208951df34f0,0.36642900794459154
ck_be5bd81e3715cb8f,0.9817885516398452
ck_ead68310311690c8,0.9564473416174373
ck_c2bd5a722aa637d9,0.15681401507435322
ck_197f8058cea1fbea,0.10356488083112651
ck_ab33fb754c818ae3,0.560765940110002
ck_95fdc264eac72fa0,0.6160114076186597
ck_02adda6e91e49650,0.7529843145243431
ck_c54643d94d3ce355,0.7478508861275208
ck_9aa45c4e03c8c57a,0.5363210429822775
ck_427b91925952cb40,0.6644530454267672
ck_c4ca1434f3778f1d,0.9951517620696679
ck_89a1a780144d808b,0.3687512731717254
ck_8bedacc6233c6269,0.6200040741495213
ck_f4f83b1403ebea46,0.48751273171725407
ck_a1fd0ad03ff9b776,0.64408229782033
ck_c30201ebd003fdc7,0.485557139947036
ck_9fe9bdce982b312c,0.8585047871256875
ck_09169f22194fd6aa,0.4805866775310654
ck_976fac1bb3dd8c58,0.7437767366062334
ck_bac5233623b25ca4,0.5370136484008963
ck_9f83fa5a2d3b9049,0.6521083723772663
ck_b2a79dd3df560f14,0.7397840700753717
ck_62b9fb3db284941b,0.2423304135261764
ck_aa075c418ed9fe5a,0.282664493786922
ck_c6abd5d57b1009d2,0.48510898349969445
ck_0734fd90b2cabd43,0.5373803218578121
ck_bafe82c870356706,0.9947036056223264
ck_e35eb857c61548b2,0.953676919942962
ck_22b587c18363899a,0.6201262986351599
ck_aa295a11b0a6ab36,0.2591973925443064
ck_d839798f9520363e,0.745243430433897
ck_8049f5fce32be185,0.9405988999796293
ck_e2ab04136a442a98,0.4962314116928091
ck_c9d72140b0389216,0.4725198614789163
ck_f234ab47061ba7c0,0.04673049500916684
ck_31fc51d5a3dfe16a,0.3897738847015686
ck_f517f06551e69507,0.059482583010796494
ck_392cf2cdd515c34d,0.3466693827663475
ck_366616a725afc6bd,0.2990018333672846
ck_e18ac29ea62cb435,0.7304542676716236
ck_170c65860e2a7e23,0.20411489101650032
ck_093e3a7134e11d6b,0.1288246078631086
ck_d111c98b36bdb791,0.27891627622733756
ck_1ebd574406235957,0.446037889590548
ck_65519d0fb137e0c5,0.48466082705235286
ck_ddc3fc99eaba2064,0.7284986759014056
ck_1be8cb95d6d9bbf8,0.08523120798533307
ck_242521e261148fba,0.16553269504990836
ck_110608c3b03d4038,0.9602363006722348
ck_0dd7c5925d28755c,0.28572010592788755
ck_f11be8ce05382cec,0.36186596048074965
ck_129ffae92dc01408,0.28539417396618455
ck_b0b9047dddb1ec84,0.9561621511509473
ck_b4954d16b9749829,0.20945202688938686
ck_66a8325f28be7562,0.5153799144428601
ck_e1b1e7a7e4a15b3e,0.19995925850478713
ck_658b4b54be09a4bc,0.9899775921776329
ck_77f8c5042065d506,0.3121205948258301
ck_b003e5b54df65db4,0.6697494398044408
ck_ce81ff9b8b35562f,0.6086371969851294
ck_d27b872648b71202,0.12540232226522713
ck_3acfec10eec32f9c,0.4044408229782033
ck_813e02e1ababd177,0.30287227541250766
ck_ad9a18f58589faa7,0.12695049908331635
ck_62f5cfe22c952694,0.18121817070686497
ck_a46c1773f01f0be7,0.604196374006926
ck_405b20ef9ad0ba5f,0.790629456101039
ck_f948e8a8fdd79b4e,0.4207781625585659
ck_81275d9d4c559e6f,0.5052760236300673
ck_40e84e6ffe788a4c,0.5632919128132002
ck_17733f75ebdea93e,0.15233245060093706
ck_4a1f0172d3bf4fd3,0.24611937258097372
ck_01ef1036b2e66a4b,0.25891220207781623
ck_084a85145c15ed77,0.14271745773069872
ck_62f46226f244139f,0.6956610307598289
ck_43637d28c7216453,0.09325728254226931
ck_fcdb4fe2f095fba1,0.698553676919943
ck_9f85fea4490c00cf,0.656386229374618
ck_83e5979334345622,0.7190466490120186
ck_231ae0329ebc3220,0.25663067834589526
ck_a49a2c1f881a3560,0.35876960684457115
ck_88ab6d245228c38e,0.013403951925035648
ck_b62276c3426d680c,0.5132613566917905
ck_def344d68f06d749,0.6146669382766348
ck_8b19bb5b23b6741c,0.7113057649215726
ck_c009c97d5fafbced,0.8760643715624363
ck_9e298cae167f4693,0.2650641678549603
ck_84d62b8196da2452,0.5249134243226726
ck_6f73cdbf9305e2ea,0.600651863923406
ck_4c1fdd1669c7cf51,0.03577103279690364
ck_744eade757ba69b5,0.6824200448156448
ck_b0fe4b92fc70f72c,0.05516398451823182
ck_dd1c490050cd9051,0.5772662456712161
ck_17bf38d51115a8f3,0.21258912202077818
ck_166aa980cc87fa77,0.821063353025056
ck_f17ed7e0fd687742,0.7874516194744348
ck_26896c494b2768ef,0.5278060704827867
ck_88ef9f85948e1a01,0.35559177021796706
ck_a28d9bb5590d458f,0.7689957221430026
ck_8b8b9de339d75d0b,0.493990629456101
ck_6715139e240007d9,0.21584844163780811
ck_139b54e6ccbdd7da,0.7943369321654105
ck_66e81a4190c33510,0.7154613974332857
ck_4e862c2f48c38aeb,0.11199837034019149
ck_1a3ff7620580a514,0.37457730698716646
ck_f33188c232a03526,0.899490731309839
ck_348c874eaf0354f4,0.48604603788959055
ck_931510e384b1d0cb,0.37779588510898354
ck_e15252ebd7553422,0.20118150336117335
ck_a3cce46d15cc20a2,0.5748624974536565
ck_0dc1e536231c4860,0.33770625381951513
ck_f92cd37022b0ce21,0.48669790181299655
ck_bb99071e8f58c8a4,0.9383581177429212
ck_06010f0df5b7cef8,0.860990018333673
ck_ab7cb50407d6b13e,0.48637196985129355
ck_16a06d58d71935bc,0.8602159299246281
ck_68f56f6560a7a933,0.11411692809126095
ck_a019151ca8e7527a,0.6481971888368303
ck_d1b9e5d32d2d789f,0.32120594825830107
ck_615763afc2e17a7f,0.02672642085964555
ck_5eff0208c74ec714,0.45438989610918723
ck_7eebd0e6ad6c070e,0.16842534121002242
ck_cd4c63155570d6ea,0.03149317579955185
ck_c5414d7a8031d4f5,0.20468527194948055
ck_9a88a5a989cb5bc6,0.6418415155836219
ck_541a734fc457246f,0.6098187003463027
ck_861af5a9a9a6d619,0.29729069056834384
ck_2cc1d9b587f6da31,0.90148706457527
ck_7084ed3cf20781b7,0.6567529028315339
ck_e02f93f51cc8caf3,0.6675086575677327
ck_9a930faade55b8ea,0.08070890201670401
ck_0afa4449f20d5196,0.3844774903238949
ck_4d503c41cf4e5034,0.5014870645752699
ck_6ff0fc7487e737e7,0.8903646363821553
ck_b21d8630387cabce,0.20721124465267876
ck_bfd9bfc5b6ab4a54,0.799022204114891
ck_629537d8b4d0f395,0.5453249134243227
ck_bfb067986660afe3,0.8843348950906498
ck_c1a31690c8573226,0.2723568954980648
ck_94c9a4d382689e82,0.751721328172744
ck_397c03aa33a57310,0.8623752291709106
ck_4b4a3c5b95c55b43,0.054715828070890205
ck_40780fc0f8d6f309,0.6471786514565083
ck_72022008a92c9386,0.7061315950295375
ck_0af18b3ce015d294,0.09358321450397229
ck_a481385c2e60dc4a,0.2648604603788959
ck_e49b5e4f2f2e79db,0.9208800162965981
ck_cb88ef3dc1f42225,0.07317172540232227
ck_a4e2607b4c8021e8,0.07634956202892645
ck_8aa8b9968233a1ab,0.04485638622937462
ck_cd32e58e8a1c0e85,0.2638011815033612
ck_69b5620e00ef5dec,0.018659604807496434
ck_0dbefdac0a1868fb,0.031207985333061725
ck_fdda581aec411010,0.30495009166836423
ck_35e411b05d22f663,0.5368099409248319
ck_11662cc7940ffc82,0.7786921980036667
ck_4db6d4fd2b49aa81,0.5750662049297209
ck_cd0e76f0e7bb38cc,0.5344469342024852
ck_cf52e46fa54e4540,0.06286412711346506
ck_337b930fd149a696,0.43340802607455686
ck_86a61d9a39768e87,0.7135465471582807
ck_8424bf65223a5a9e,0.23858219596659197
ck_9625a64406ea16e3,0.11419841108168668
ck_ed0cc1b1c28f9511,0.6092483194133225
ck_9158bdbb63ee8987,0.40802607455693624
ck_2f241b97c0f8389e,0.29887960888164594
ck_473d6314ea614b29,0.35864738235893256
ck_7443d6dca8cd1352,0.21059278875534732
ck_c6fbdc5ba68a8466,0.5323691179466287
ck_6cb7c97b72d6b5d3,0.6650234263597474
ck_b43f04431c267dea,0.27834589529435727
ck_77b2fb17c29f5e72,0.5341617437359951
ck_b1c51fdafcd80122,0.47875331024648604
ck_819bf3e8231f4081,0.6692198003666734
ck_1dedcb48ac381a1c,0.8176410674271746
ck_888651bfc2c8cf70,0.4712568751273172
ck_af0a6540ea7a36b2,0.25039722957832555
ck_97e980463aca4644,0.37592177632919127
ck_6faf3e6820398866,0.653819515176207
ck_d0982b4e0e118e4d,0.5108168669790182
ck_3f5e8f3f1df0c8c7,0.8300672234671012
ck_5d8481e2b38bd99d,0.5002240782236708
ck_569b83668d74042d,0.9675697698105521
ck_f8b6069d7577fde6,0.10804644530454266
ck_837cc7fd48453a01,0.5036463638215523
ck_2973b8274f0bf69b,0.8167040130372785
ck_69bd0b1abea7e1f0,0.8952943573029131
ck_fa0b234481cb57d3,0.48087186799755544
ck_cbeca201dbade3e5,0.631126502342636
ck_05a00b1dd5a03359,0.23972295783255243
ck_77c0fb524edb4a94,0.19930739458138114
ck_e64f0df63e1be595,0.6462415970666123
ck_5c7ad6e731b69333,0.9335098798125891
ck_b657ae3c146cb7bd,0.4040741495212874
ck_7dbe24ba01316775,0.752332450600937
ck_0e3f80c1553c591b,0.6524343043389692
ck_3edc45db58760d76,0.4566306783458953
ck_24ff97ad90bdd69a,0.894316561417804
ck_263f6c5ff26b5e98,0.4038297005500102
ck_437afe412ea4259c,0.8681605214911388
ck_ae8c9163cf957d7e,0.34430637604400083
ck_3f8571d4f7420b2a,0.7709513139132207
ck_e6465c56b337e6c2,0.33465064167854963
ck_7dff6abe4bd644dd,0.9307394581381138
ck_27fa694569140345,0.00802607455693624
ck_cdc55623cb16e6a9,0.006396414748421267
ck_b08b3f089138c901,0.12377266245671215
ck_79da63fc100830b5,0.7196985129354248
ck_4339f86c87289222,0.9724994907313098
ck_38ea56d43afa5660,0.7197392544306376
ck_33ecaa7b892e73df,0.236626604196374
ck_dba767885bd6ad69,0.3035648808311265
ck_b109ec4c63503030,0.5250356488083112
ck_a7f522382509cef1,0.14911387247911997
ck_d9143e236eef177f,0.4734161743735995
ck_f790d91e5ff0eccd,0.9319617029944999
ck_064013b0957d87a5,0.9911183540435935
ck_643f549b4ac78a26,0.8869423507842737
ck_a07e7409d6d5aa06,0.46510490935017323
ck_c37f03995f0f0169,0.38305153799144426
ck_8929d2eb09872052,0.9103279690364636
ck_27f20337bef5ffe0,0.8628233856182522
ck_7c67b73196e3d0d9,0.6393155428804237
ck_e30db36e376606f7,0.9137502546343451
ck_99b4f266b61ae7ee,0.7226319005907517
ck_4072b59388976896,0.29619067019759626
ck_21c99e1d6b881894,0.029822774495823996
ck_ab2aed614ec1cdf8,0.5170503157465879
ck_a8cac8d480306839,0.08665716031778367
ck_36d37be780c1291c,0.23833774699531474
ck_7b3cc6cc3f250f39,0.904705642697087
ck_b6673bbe61d2680d,0.6121409655734364
ck_c251898b5d51e3b0,0.266449378692198
ck_69105f881da3c821,0.5799551843552658
ck_adfb8472d5c3d669,0.7213689142391526
ck_4a24ad61d017e1ba,0.736769199429619
ck_15ccbf8ff7d14086,0.2912202077816256
ck_c4bcc7cefd40f8e2,0.032063556732532084
ck_8d5eda29a2cffa3c,0.4541861886331229
ck_df65967b8b40319c,0.0715420655938073
ck_329f7de7279e74c5,0.1536769199429619
ck_d5b8e74e7ca6355a,0.6917498472193929
ck_faab769cce19879a,0.645711957628845
ck_9b552204498b6762,0.7532695049908331
ck_c7dd84401e29a7fc,0.1720920757791811
ck_14436a409ebcc90f,0.4838459971480953
ck_f09165d73ee903b1,0.5829700550010186
ck_3dd542c2d31be2c0,0.3291912813200244
ck_8afc1112c12f5402,0.33171725402322266
ck_4682fad271d47eb0,0.9658178855163985
ck_9bf0d28119fc42c8,0.4587492360969648
ck_4610a073bb54d1b1,0.6692198003666735
ck_f781539b1042dc83,0.3988184966388266
ck_3199b471575aeb3a,0.2846608270523528
ck_51d3e8dd7465c015,0.2609085353432471
ck_bcfb7ffb7cd428bd,0.11603177836626605
ck_8563fed6674afc77,0.41010389081279286
ck_89c8b06aa8c84b2d,0.7949480545936036
ck_9a2fcccb82da663e,0.7743735995111021
ck_e7a3cfb9bf908e80,0.6457934406192707
ck_d99a8b4c820eb46b,0.3443878590344266
ck_ae2ab6be219219aa,0.08820533713587289
ck_a0dab7aa9c4a39a9,0.1232430230189448
ck_604e1b8a8c693aa7,0.24587492360969648
ck_17c4296276448afe,0.26351599103687107
ck_9e9a830785112a73,0.7865960480749643
ck_2bb49dc2388cdc1e,0.09904257486249744
ck_bb303568b6915205,0.6997759217763292
ck_ab1bb02f6b189304,0.9392951721328173
ck_2675e7a008e584a7,0.8108372377266245
ck_9880410fcd10a28e,0.12748013852108372
ck_e73caa3771ec5e0f,0.3437767366062334
ck_74928f5f91aa12b2,0.7909961295579548
ck_eaebaf4d28400fb8,0.6286820126298636
ck_ec5ea81cf813597c,0.7834182114483602
ck_423ff4ede6a9f066,0.832756162151151
ck_205c107cec528414,0.953636178447749
ck_1df66f537496ca59,0.693379507027908
ck_3646515079e6be55,0.49733143206355673
ck_b2c896beec146477,0.5075575473619882
ck_d80283209c963f11,0.5927887553473212
ck_c4524993ec31dbe5,0.09073130983907109
ck_9f7807ed64cdb728,0.6149928702383377
ck_8550f229b5eb03ab,0.14222855978814422
ck_4199342d3aca74e8,0.7749847219392951
ck_3135c019696ee6af,0.9783255245467508
ck_5d01200ba3341462,0.7496842534121002
ck_a54dc042ebb7c766,0.9072316154002852
ck_ca5b1057f8248f73,0.7343654512120594
ck_1f7ee7b23fc6f2f4,0.2147484212670605
ck_92d782bd9ce0d1e3,0.5194133224689346
ck_7b35d218ed0c5a60,0.3965369729069057
ck_eccfd552aa652d3c,0.3031574658789977
ck_9b6ee35e8cd0b11c,0.21943369321654102
ck_d838491d3d4f5ecf,0.31195762884497863
ck_3a34c3ac83cf84b3,0.30552047260134446
ck_c08f622bcd6de6e7,0.6916276227337543
ck_2d634e3f24681c0f,0.7133835811774292
ck_956b5af6d7d86c65,0.9831737624770829
ck_9332bbc7125219a7,0.25817885516398453
ck_8007824431fa803b,0.2841719291097983
ck_54b087bd873af8b8,0.501161132613567
ck_e70418b00cbbbac9,0.8804237115502138
ck_500948a8d4bd8e13,0.6912609492768385
ck_48e84b0cb0b90fa7,0.22053371358728863
ck_1917ef3e6e345549,0.8092075779181096
ck_5c33bb46c1a5945b,0.8454267671623549
ck_b51a58e7f032c9a8,0.7735587696068446
ck_188fdf2be7c92e9d,0.9997962925239356
ck_4a103f8254b366f7,0.5742513750254634
ck_4388abce33ecd01b,0.8318598492564677
ck_321e740066fb05c3,0.9201874108779793
ck_c93def7392f0aff5,0.8130372784681197
ck_8582490d6e365a63,0.567895701772255
ck_bfa17a0b1760e616,0.17172540232226524
ck_65a23ac8e44eb901,0.1592177632919128
ck_bcc9cbc9ed8b7c31,0.6019963332654308
ck_6426427efe3228af,0.5731920961499286
ck_eb264d1b180d4b4c,0.8884905276023629
ck_b7af9b2ee0eebbc6,0.4772866164188226
ck_79557434c129ba52,0.24338969240171116
ck_073da541ec3f9d3d,0.48445711957628845
ck_96dff7a09d45f116,0.69142391525769
ck_8ec86e853ad52828,0.81006314931758
ck_64f5fba6af67e024,0.48734976573640254
ck_e0fb11fc9dcb34e6,0.5672030963536362
ck_361f535599110201,0.4011407618659605
ck_34b0988a97d96902,0.22200040741495214
ck_337c5684510cf432,0.7521694846200855
ck_258d661e450ac870,0.19152576899572213
ck_6b55ec4e87a5e22c,0.9469545732328376
ck_638df9e8a22dfe0b,0.14255449174984722
ck_e36c8da1bd359960,0.8858423304135262
ck_73188a826b5f499f,0.18203300061112243
ck_286bfd719836e9f3,0.8395599918517009
ck_a209a5f7d172125e,0.4455897331432064
ck_fd0483639811f62e,0.8698716642900794
ck_0d16d9349e4a9e08,0.37795885108983496
ck_fcf5d4a4748cdd53,0.36345487879405175
ck_61e1f7168cd9ff25,0.6211448360154818
ck_b7f4baa2cc82fe61,0.14206559380729272
ck_437f9ecd2016a1a8,0.07822367080871868
ck_04219a7ea798db51,0.8338154410266857
ck_644b1c1149eea9e0,0.3596659197392544
ck_bfc82b3c1c9f2897,0.9268690160928906
ck_9cf44eb0237c2429,0.3152576899572214
ck_2106e509d77fdb4a,0.9505805663067834
ck_49a0efb5d4067b6f,0.6776532898757384
ck_82f360df1e9f4eb8,0.6167447545324913
ck_9986c7d781ac6b4e,0.5106946424933795
ck_c8413898f5f7cb7d,0.803585251578733
ck_b3fb83f0d772a831,0.46156039926665304
ck_a2299b4f530be0d6,0.9025056019555918
ck_fce0b6855886a0b8,0.2704420452230597
ck_162513e73782929f,0.41026685679364433
ck_3e9e3bba8bd363af,0.20835200651863922
ck_88cd35378075c84f,0.005622326339376656
ck_20541686a94fb71c,0.5788144224893054
ck_fa80da579ea9afc0,0.25940110002037076
ck_7916e53daab36745,0.8139743328580159
ck_121db7ba3be29ee8,0.5634141372988388
ck_01e5986ebb9a78f1,0.3573843960073335
ck_6c26c12071c91ff6,0.20594825830107966
ck_0e6e05c3cc8c8242,0.6519454063964147
ck_7738eb085e5753d6,0.2756162151150947
ck_2bf10be403849c9a,0.27594214707679776
ck_3e6f35e4500d2f2a,0.15363617844774904
ck_7a9f241d5f082567,0.07940517416989203
ck_247589ff532f7aa8,0.43955999185170097
ck_d1c787c27d50af49,0.6814015074353228
ck_49c98bebd1338879,0.2178040334080261
ck_9afc3bb849f3a64d,0.42265227133835814
ck_1d40e4fc541abe93,0.9135465471582807
ck_4fd9dc00e1913587,0.9879405174169892
ck_c19371047a2d011d,0.17013648400896314
ck_7d9f73dc7c4f90c3,0.8780607048278672
ck_8c84fcde93a04334,0.9389692401711143
ck_e09c97520eb0533c,0.2723161540028519
ck_a1e13c0d58560340,0.03002648197188837
ck_cacc2ca410cbe80b,0.3867997555510287
ck_dad5cf32ab9f243f,0.47590140558158484
ck_b2cb9e6610eca967,0.8739458138113668
ck_1da2f69023ca4c13,0.11436137706253818
ck_25122cc0e8b1a662,0.753350987981259
ck_dfee9de05e3971cf,0.22273375432878387
ck_ca54b32fca7e94cd,0.2545528620900387
ck_384ccecd342a24ad,0.12185781218170705
ck_6abf8302ce052451,0.7266245671216134
ck_6ffa90143838a4a2,0.07044204522305969
ck_34f9951b0eca1965,0.3179466286412711
ck_9385f5a1eeebefcd,0.49382766347524953
ck_3df8da6f60a89a5b,0.23377469953147278
ck_08ff5bd467226a5f,0.010266856793644327
ck_6eceeafd56b42576,0.8770014259523324
ck_f744e208183971f8,0.13762477082908942
ck_7b45ed23304a854b,0.32422081890405374
ck_f88c79186a082beb,0.8863312283560807
ck_b78d785ca3ef773a,0.1447952739865553
ck_67207e3eecc02d76,0.6998166632715421
ck_7aa8bc018c2b003b,0.24844163780810757
ck_676fa5f6aae5475b,0.25227133835811777
ck_73c18e03e3c7612e,0.11680586677531064
ck_d91d9f8445b9769a,0.9818700346302709
ck_f6a4a7ed27fe76fc,0.710531676512528
ck_8742114f4f0cb22c,0.7567732735791404
ck_5c82444b3b9160ae,0.40244448971277247
ck_2acb54ca20c3af6c,0.8037482175595845
ck_15b93103ccd38609,0.15233245060093706
ck_16541fc15683e21c,0.5653289875738439
ck_039e6d5a330cea1a,0.7049500916683642
ck_d8116c34302021d7,0.008922387451619475
ck_e03a9d8ac94161d5,0.17392544306376045
ck_eeb854318b3a6f0a,0.3628844978610715
ck_e9f228845bf6e28b,0.7885516398451823
ck_203c2a22c0c165ac,0.4992870238337747
ck_5b59e859bed5b40e,0.663190059075168
ck_7b61717f172f9317,0.9596251782440416
ck_114722e12db90a73,0.39128132002444493
ck_ccc7916b56d42195,0.05007129761662253
ck_2dd147ce6d61749f,0.8515787329394988
ck_9ede51c8434cff6e,0.7915665104909351
ck_88a8b1d442ca3686,0.7644326746791608
ck_36d2be9012f7909e,0.6596048074964351
ck_495d814d6d6d521e,0.10747606437156243
ck_6f5bb0c930644cae,0.9956814015074353
ck_79749eca42ff1f5f,0.5425137502546343
ck_cebb8aa8c8f62c60,0.2739865553065798
ck_349cc5edda1b8853,0.6818089223874517
ck_85df7b7de9700aba,0.20358525157873295
ck_e0983999ca26c19e,0.720268893868405
ck_d879d645d6e44207,0.7545732328376451
ck_a6c02ae50932cd9d,0.28242004481564476
ck_50176dae5b1b716d,0.357221430026482
ck_d6880578428b965e,0.880382970055001
ck_f51fe59cd445d2cb,0.3788551639845182
ck_8440ef1386c07194,0.24925646771236504
ck_28cb9b03e89263f1,0.15787329394988794
ck_5ccc1a1c78cb33ee,0.7077205133428397
ck_e04166b0ce66393a,0.10939091464656753
ck_72ff52c4824072ce,0.30364636382155225
ck_11f85bc705dbe036,0.7221430026481972
ck_89f3e380b0686963,0.20717050315746588
ck_26df74feac7ec51d,0.4327969036463638
ck_a9812ff3c111ea94,0.4776940313709513
ck_bf6fb7e6470e95cb,0.018007740884090444
ck_cee4e4e1b62bf82f,0.691383173762477
ck_7c560467daca735f,0.010266856793644327
ck_f72a5a3b0d6c1177,0.03638215522509676
ck_5fc90b4668ea81bf,0.5478508861275209
ck_c2a5c54ad8d0d297,0.45166021592992467
ck_7508aa554fae6afb,0.8864941943369321
ck_003aa842b7ca1d77,0.917376247708291
ck_573feefba6bf78bb,0.8568751273171725
ck_83b2b192f41ee2bc,0.8835608066816052
ck_64796b6b2c3c7f06,0.7675290283153392
ck_5fd8924732fe403e,0.9778366266041963
ck_1d96d7fd65f208b2,0.8852312079853331
ck_9d00823bf60388d7,0.797759217763292
ck_0ee6965e68efc177,0.8620085557139947
ck_337e98c69f6e7886,0.4203300061112243
ck_b8e8dba20676d87b,0.6777347728661642
ck_f8ac3a0500c0ec62,0.39942961906701974
ck_577c816b41cab002,0.9837034019148503
ck_05c97fc9de11aba6,0.9198207374210634
ck_c82364d87875a1a1,0.7252800977795885
ck_e43e53cc7b8b8e41,0.37172540232226525
ck_d07c5b0321c685ea,0.893053575066205
ck_16077ac345472e6a,0.1808514972499491
ck_e07fd57565c94c28,0.44925646771236505
ck_a4d6e152b0076964,0.3605214911387248
ck_9929723f65636c7f,0.988022000407415
ck_d90b1d03ae151f62,0.6777347728661642
ck_a553418f2fba1440,0.5582399674068038
ck_105b0c93573fd5b7,0.9331432063556733
ck_2a01e610348b84f8,0.665145650845386
ck_df1585c7d72a96e0,0.08441637808107558
ck_df520a7a6e405889,0.7478916276227338
ck_2d9524787cfe1ab3,0.9663067834589529
ck_7f15b50b29dead01,0.3606844571195763
ck_fcb2a559474c3493,0.5788551639845182
ck_e5ca550b39ed45bf,0.9556325117131799
ck_d2ca47180a926ba2,0.49456101038908123
ck_0a93ed76bf36c8b6,0.6302709309431656
ck_406c4442dee45cd1,0.03898961091872072
ck_56de216eda6b7fa6,0.058789977592177634
ck_3d56b477fe2370b6,0.5488694235078428
ck_edfe8e90e8f4366e,0.14104705642697085
ck_2096d32f3d497ea1,0.82693012833571
ck_c18245be844680f3,0.4642493379507028
ck_0253b3e7be021306,0.088816459564066
ck_fa5ba9ed9ed6a343,0.6710531676512528
ck_c9c99e5b19aeced8,0.08335709920554085
ck_14b4bf7be6ac2b61,0.7093909146465674
ck_b7df99aecef385e6,0.9076390303524139
ck_17ab3068fa303682,0.03768588307190874
ck_592a3520d841d11b,0.7532695049908331
ck_094974d75e29fb2f,0.8103890812792829
ck_6cfa71d27fc27f92,0.4138113668771644
ck_f2ddae2eb1cb29b4,0.449297209207578
ck_1757fcb0e6e3f88e,0.8380118150336118
ck_7afefa349b960a3e,0.4705642697086983
ck_487f7fbc290e4ae2,0.48339784070075376
ck_28dc0de0ae291f37,0.46905683438582196
ck_2c2f080ba185016e,0.45728254226930126
ck_f4a2bb10afa85743,0.13738032185781218
ck_9ad08fcc183ea1e7,0.09745365654919536
ck_d08e00c842b75176,0.40440008148299045
ck_a3be871ca22ac416,0.27826441230393156
ck_ab70961e7c6695b2,0.47463841922998573
ck_c6200734c7f9b2f9,0.9650845386025666
ck_d0f470f8078c91df,0.08510898349969444
ck_11c7a58e09e6547b,0.7983295986962722
ck_2e0eedaaf2980c2c,0.4973314320635567
ck_0e2bc3a5afa439d8,0.7003463027093094
ck_c416357d20238a4e,0.6047260134446935
ck_f0c44ee5e3a42e3d,0.7529843145243431
ck_8342e08cc2f9bcb7,0.21148910165003054
ck_93c0cb3dac4891fe,0.3237319209614993
ck_5c5284c45d9ad8bf,0.6661641882257079
ck_3954b7b0fd1d6614,0.014829904257486249
ck_eb1ddfc353b4da83,0.24057852923202283
ck_ae668e4564cd2aa1,0.1799959258504787
ck_d89abbab3d4957aa,0.11656141780403341
ck_364f8203a3e98d36,0.9299246282338562
ck_004fe0daecbe2c1a,0.7577918109594621
ck_a31a64a39a2c4941,0.16651049093501732
ck_c49f25dfb39909cf,0.3608066816052149
ck_4ab74a6e7450416c,0.21238541454471377
ck_55f50a9ae2db8ff7,0.3629252393562844
ck_7a86ef4e2beaec38,0.1208800162965981
ck_f67ee7910d532216,0.6675493990629455
ck_21860dd2159dff28,0.06380118150336117
ck_63560eec94b76d2f,0.17926257893664696
ck_dd78cb6ae2866cc6,0.48563862293746185
ck_c1f4509c8f5dac5c,0.3947850886127521
ck_b921af37d500e139,0.340680382970055
ck_e23e50e02cb3904d,0.7704216744754533
ck_80c4e9274cf976b6,0.99319617029945
ck_4c352dd3e7c81269,0.5443471175392136
ck_1cb6dc67f9a321b5,0.8726828274597678
ck_497ed60723283c0b,0.7917702179669994
ck_db23a5100f338d72,0.7199429619067019
ck_57658eda1c59bc52,0.36541047056426973
ck_94410eedfca91304,0.8436341413729884
ck_eee99af3598311b8,0.7126909757588102
ck_832341c98254bd84,0.6585862701161133
ck_094d10439b7b4eac,0.5640660012222449
ck_2493ee8e7b91d304,0.6053371358728865
ck_254a7c97c36dab8d,0.7953554695457323
ck_f268416945316815,0.6250560195559177
ck_59e77e3a81f1fa0d,0.6397636993277653
ck_614ef655f0685060,0.6924017111427989
ck_04d2ea38ee27770f,0.3024648604603789
ck_b89c6fa2ad0a12f5,0.5556325117131798
ck_1805fcfc4a9e4ffa,0.9447137909961296
ck_3f5ae4673a9f858e,0.26844571195762884
ck_ba88a244d5f7380f,0.6679975555102873
ck_fc832b0c90c9bdb9,0.9326135669179059
ck_7109923fd7dab20a,0.3892442452638012
ck_a97b481ade6f7972,0.7082908942758199
ck_f56200205280bddf,0.760114076186596
ck_754f30ea19df857c,0.610715013240986
ck_59fd11b3232de9dc,0.9683438582195967
ck_7519260415c2998e,0.5090242411896516
ck_b7f5acf5df1bb13e,0.272927276431045
ck_46656a23f4456d22,0.9465878997759217
ck_994316fa5a02b319,0.0634345080464453
ck_ccccb17d2ca6ce94,0.8119372580973723
ck_269f1746f2609ed4,0.6701161132613567
ck_3521243bdac61178,0.23055612140965576
ck_cf920313f6dd28fa,0.4391933183947851
ck_75d2a2715259c4d7,0.8277449582399674
ck_616cc31910f5de50,0.38072927276431046
ck_31e70f2f04b48b88,0.1765328987573844
ck_76ee10d6e2dba70f,0.7935628437563658
ck_05b2b04e11d9ae9c,0.6215929924628234
ck_8089fe7403c5f537,0.3900183336728458
ck_3209c530c9812e39,0.43654512120594824
ck_fbf7351958ad9615,0.26909757588103483
ck_0adcb1fffcb0a34b,0.5893257282542269
ck_8f6ca5d3b17eac6e,0.05797514768792014
ck_77a40c7d2f862a32,0.874516194744347
ck_73de0b49709e5f8c,0.31705031574658793
ck_e3982142336782df,0.6427378284783052
ck_c6a7bbd0adc4d5f3,0.6867386433082094
ck_fb04ecbaebb774bd,0.4827867182725606
ck_de7259c3741db179,0.6804644530454268
ck_b6f2a2fd232c141b,0.5655734365451212
ck_91fa5032f7aff0f1,0.8029741291505398
ck_c5f8ab515840a0fe,0.49158688123854144
ck_b0f8f5408662337b,0.14919535546954574
ck_eb4f4267e24d042c,0.7539213689142391
ck_8cd1b68dd74b1375,0.8721531880220004
ck_3398551e81dbf3db,0.806477897738847
ck_9a881d5433126ada,0.24118965166021594
ck_9fd0be2c018ff5e4,0.3879405174169892
ck_364cde38958b7af3,0.900794459156651
ck_8c95aeec6a4c75b0,0.11770217966999388
ck_2595669e421299f6,0.4534528417192911
ck_1402d24dd623df72,0.45402322265227135
ck_5c2d43ff841632f9,0.0607455693623956
ck_791d5392bbd80447,0.304705642697087
ck_f6e9d14dfb6f3c28,0.6734161743735995
ck_18df83242ff3cdbb,0.9588918313302098
ck_c363d3b050baf3b8,0.7368099409248319
ck_f8540cf3a8b2f8c9,0.8125483805255653
ck_dbc487cb0a6c18da,0.9327357914035445
ck_98831b57c7ca2e4f,0.022530046852719494
ck_a6c7b8d6e8596d4f,0.8524750458341821
ck_13f2560c6a1ec62f,0.44453045426767157
ck_6c48c58678f64bae,0.07765328987573844
ck_e0346d5081e640e8,0.5986555306579752
ck_0c9e420f97baaa06,0.9477694031370951
ck_da06d97db0b18851,0.15074353228763496
ck_6e4f31bd108571f0,0.013078019963332653
ck_120e995d50956bee,0.6824607863108576
ck_cbe525da0b69f18a,0.2946832348747199
ck_b62f3e3185251f71,0.020533713587288654
ck_1747fcc466f0ae38,0.0826237522917091
ck_c6afa913168ce8fa,0.1728661641882257
ck_e12a9f7d027e3387,0.15363617844774902
ck_ddf787359d2b5deb,0.0025667141984110817
ck_e1140be6157bacbe,0.06706050112039112
ck_47d3e8d1dd3fbcef,0.7106946424933795
ck_f90293f1eba5d7b6,0.7958851089834997
ck_2f6e64f638da0f97,0.14577306987166427
ck_25dd0b02af5b2f37,0.5793440619270727
ck_a2637e4872cf4811,0.8393562843756366
ck_2ae44938847f3852,0.6774088409044612
ck_8347455ab53ff620,0.5130983907109391
ck_7aa2deeda0e57412,0.9826033815441026
ck_f9c4f8b4ce2691f0,0.594173966184559
ck_e5f7b99ba6ec5767,0.5764921572621715
ck_59371c9140239fd7,0.5924220818904053
ck_3380d60067b4634b,0.04925646771236504
ck_27466468d06db4eb,0.7519657771440211
ck_16d2d27fadeeacf7,0.16329191281320024
ck_0d5c0736ec76385a,0.03613770625381951
ck_8053f1879a9b4e43,0.19409248319413322
ck_ecf9794349eb4b3b,0.7890812792829498
ck_913ecdeeb8e21a9c,0.4620492972092075
ck_687eab3ffe1f8cfa,0.20985944184151556
ck_e4459115cd8e5e4f,0.2945202688938684
ck_1964ee9db929a173,0.9754328783866368
ck_77fdac602d0c6f95,0.7660215929924628
ck_1a28b6a40a6bd3b4,0.8781829293135057
ck_bf285dd49f372de4,0.6720717050315745
ck_eb6baff0f85ba936,0.35355469545732326
ck_a9bf75bea912027b,0.7751884294153595
ck_bb4aec09d4968dda,0.8182929313505806
ck_48011996d54855ac,0.9004685271949481
ck_a1b4c96faed3e0db,0.7864330820941129
ck_8cb20053914692d0,0.7757588103483397
ck_5f52728d777ff2c5,0.6365858627011611
ck_d66f42a269d5c1ed,0.5725809737217356
ck_244b897bb4d57c1f,0.29179058871460584
ck_4eadbe7298b15e96,0.41963740069260547
ck_179039559ff7566c,0.2217966999388878
ck_a60fe02fc04407a9,0.8163780810755754
ck_baa47383ffd50f04,0.23886738643308209
ck_3b1766a1d51f8f0e,0.9400692605418619
ck_abc54ed7111e9ed1,0.6044408229782033
ck_2a46b7ca55239413,0.7423915257689957
ck_4ef9de711c3d93b1,0.7454063964147485
ck_ff822700f3605e06,0.9851293542473009
ck_783fe5bc20cd02db,0.7879405174169892
ck_ac9d3d9754104cf0,0.04184151558362192
ck_9800c21dfbd8e811,0.622041148910165
ck_454b9e21b7f25a4c,0.4378895905479731
ck_17946516d5df71d7,0.3783662660419638
ck_b7e7f7d0cd886412,0.7220615196577715
ck_9eb5b3f5f672c2b1,0.08661641882257079
ck_089e3a07abbe3b8f,0.39739254430637605
ck_6a28ea6ce69cb869,0.7956814015074354
ck_3be854e42e76569a,0.4939498879608881
ck_d3e2c26b8adff099,0.21458545528620898
ck_47de038381a9cd65,0.8279486657160318
ck_e26a6659c237b650,0.5020574455082502
ck_7cf301d075e4e709,0.5589325728254226
ck_c56a44fe315c0389,0.5361580770014259
ck_0e70516fa07cfb17,0.9639030352413933
ck_d38f941d09eec820,0.6970869830922795
ck_d6a290ff8362c7b9,0.8360562232633938
ck_cda72f597330d0f3,0.16536972906905684
ck_7c4f12d70f184533,0.1448360154817682
ck_bccbf9fef367f00f,0.5434915461397434
ck_710f867a3bd5898c,0.4733754328783866
ck_be05447853d423a9,0.222041148910165
ck_0414507baeea936a,0.7499287023833774
ck_60796eb60fc3043e,0.2578936646974944
ck_d0b32e039abb8200,0.24542676716235487
ck_9060f4e7ab7a1b0c,0.4298635159910369
ck_1e0841ed17fe0562,0.33505805663067834
ck_d523f0e50a2747ad,0.176981055204726
ck_e322da8b213eab52,0.45194540639641473
ck_54b0b070689c50d6,0.1195762884497861
ck_e7dce27edb700f27,0.2204929720920758
ck_79e45040dbdd6447,0.5628844978610715
ck_259eb102342057ea,0.41262986351599107
ck_cd92852d7376a4a8,0.08926461601140762
ck_a705c61bd679496f,0.5943776736606234
ck_4bfeb78b47b7c6a1,0.818129965369729
ck_f7112818a6d81422,0.80028519046649
ck_c2504f5a113433ee,0.026767162354858424
ck_9915ceedf63a5289,0.6751273171725403
ck_bccff46fb0868454,0.7900998166632716
ck_db8733fd92f20cd7,0.5532695049908332
ck_8f3ccbd20d59f1f4,0.48963128946832346
ck_f77dfe6512eae322,0.4060297412915054
ck_957fb25437c75e41,0.7113872479119984
ck_46225858a38b2e57,0.3018944795273987
ck_f637fabf0f60528f,0.6413118761458546
ck_e6a6caf6e7de17c2,0.47427174577306985
ck_f7bc569b37e8bdda,0.25039722957832555
ck_e739eaaa7a1822f2,0.5156651049093501
ck_8409716d174635b6,0.40851497249949076
ck_04e40f556a5062ef,0.3995518435526584
ck_fa3b1e85d27af2ee,0.8297412915053983
ck_703b375dd86a6124,0.5467508657567732
ck_63ce4f44c92d7143,0.866449378692198
ck_0d641d32658d6e0f,0.12682827459767776
ck_6a2c4edd82e10969,0.10845386025667142
ck_4c5ff58afe3d7a67,0.07993481360765939
ck_6b114f2a48152b96,0.12813200244448972
ck_e842fb0cf055a83b,0.7848441637808108
ck_53d17ab97de1ac3e,0.17628844978610714
ck_8bb9e75393954a1f,0.043226726420859646
ck_07cb2b6f2a4303e1,0.5665512324302302
ck_31631e2028d4f855,0.6088409044611938
ck_4bca22b5926b9c28,0.31619474434711753
ck_1631bab0ba1256db,0.7522917091057242
ck_41d91dc9f5063566,0.5410063149317581
ck_cd78f0832a09bd8f,0.9346506416785496
ck_d5194f2e92fd6427,0.3485027500509269
ck_e25f70d0b7229420,0.540354451008352
ck_1496568ddc3b2d56,0.8120187410877979
ck_53a6a33060d5c8b8,0.3631696883275616
ck_1dbf1f15193197db,0.8268486453452841
ck_5c85d93ecfed4b0e,0.23210429822774495
ck_2b359a979520276e,0.17025870849460176
ck_1c93cc58f314bf71,0.7630067223467101
ck_9341c7959543c542,0.11220207781625587
ck_1da9d40837ebaa57,0.4107150132409859
ck_265accb3c5c32620,0.8329191281320025
ck_ec4e597f17f473c6,0.09162762273375433
ck_612089ec90c37219,0.6382155225096762
ck_c6bf67470f526771,0.2675901405581585
ck_6eda4c36aecad602,0.302750050926869
ck_e62eb708d2688fae,0.25573436545121203
ck_e21a900556b382ad,0.757547361988185
ck_fa3a766e49dc77ae,0.21246689753513953
ck_18a55b06ccccd88b,0.8542676716235486
ck_6ba091eb42ffa9fb,0.8193114687309024
ck_7b8cb0f90fbdc8c6,0.45601955591770216
ck_228a583f23abff48,0.3777144021185578
ck_a3ce05e9e5e32142,0.631778366266042
ck_fb4797045077bc6d,0.05927887553473212
ck_5fdafeaec036f016,0.6813200244448971
ck_e9e8cacd2fa35e79,0.3882257078834793
ck_ff182f033134dbb8,0.6375229170910572
ck_0cbd3b27063d4415,0.6697901812996537
ck_81709736281fa3eb,0.11537991444286005
ck_b0a0fb0ee9ebf106,0.223018944795274
ck_2faf7ecccc9fec58,0.0426563454878794
ck_d251e9fa09e542dd,0.9955999185170095
ck_32f590e87bc3d715,0.10055001018537381
ck_20de8abfd8960ee3,0.42200040741495215
ck_a60e6edc48e3d0ac,0.9173762477082908
ck_905e460591d9a278,0.8661641882257078
ck_2ca83dbd728af019,0.14711753921368914
ck_7061786fe2f22f5a,0.584762680790385
ck_821446adc95e6da5,0.29525361580770015
ck_b1182471d9ac6b26,0.2516194744347118
ck_59d380a0973b3951,0.3777551436137706
ck_f7fbc95ebf584379,0.6121002240782237
ck_8e9faf94e3e6c757,0.1213281727439397
ck_d9ba2a6c0d926b4d,0.26176410674271744
ck_4d3aa36ff83f1132,0.9216541047056427
ck_db906debc36a5d1e,0.7133020981870035
ck_329a73dbd585ee09,0.14996944387859035
ck_f6aea576cde8d592,0.10299449989814627
ck_c40ffefe4e30b001,0.7601140761865961
ck_501dcf1ead036d2b,0.3124057852923202
ck_8247b79ac67aae7d,0.4917905887146058
ck_e48d14d5b70ef5aa,0.5929517213281728
ck_f3ab5dd853d38252,0.7653697290690569
ck_1a0aac7f7b94b1be,0.8338561825218986
ck_d4c8f0d957c3965d,0.7354654715828071
ck_9e3896c2668ce06b,0.7142798940721125
ck_227602ad072b838b,0.04037482175595844
ck_9aa899a5230b0963,0.6567121613363212
ck_344b2e326a6c3dcc,0.20525565288246078
ck_baf43bf1bd963f9f,0.7680586677531065
ck_e6c584b4b1ad6d9d,0.23605622326339376
ck_ab9f0e08af030060,0.9124057852923202
ck_5ad798286384484e,0.4885312690975759
ck_ae7780327e210522,0.4795273986555307
ck_185f15b1523bbcf4,0.31590955388062747
ck_bf378ea558a4125f,0.9598288857201059
ck_1325000bc7f35b5e,0.11705031574658789
ck_98e1992ac8e7d2de,0.8367895701772256
ck_71fd8c346fde5cca,0.6635974740272967
ck_47a884dec960ff2d,0.2938684049704624
ck_2dcbb71e39d64305,0.5326543084131188
ck_d546994fc5d3e9d1,0.3608066816052149
ck_c2c7d1e45a521857,0.6820941128539417
ck_d72035cb29db3aa4,0.5456915868812385
ck_a0498755cd8d7188,0.010429822774495823
ck_a9aa389688ee5aea,0.5148095335098799
ck_ff24776280ceeeed,0.45699735180281115
ck_124432fd5c92af7e,0.9449989814626196
ck_b27a9e39726b26d9,0.26160114076186597
ck_c4a72c09f2fdacc4,0.1668364228967203
ck_bf47375e41ca3bc0,0.07529028315339173
ck_4c518637db2322d5,0.8971684660827053
ck_9e7278fc7679f002,0.6721531880220004
ck_b9facd2210daca5c,0.8199225911590955
ck_1c607e24f2c4397a,0.6968017926257893
ck_b1e81b58b9a545ce,0.8285597881442249
ck_9d5049e195eda029,0.4740272968017926
ck_29076a13f539187a,0.9232430230189448
ck_00013fdfa0bd37dd,0.3994296190670197
ck_b6675a04df1a4276,0.17869219800366673
ck_52427b3f8478db19,0.5747402729680179
ck_3b810f15ca0eaa55,0.16940313709513138
ck_0f6d916c92189516,0.508902016704013
ck_b3dd1198ac5aea73,0.7349765736402526
ck_9776cd8263a9f415,0.4534121002240782
ck_7d51c86e0eec72ac,0.46119372580973717
ck_bc2e771a1d8d2dee,0.8729680179262579
ck_c10e54c9db29e6ef,0.9869627215318802
ck_7184ad7709ae4c80,0.5199022204114891
ck_e55f5ca37f30ce8c,0.5809737217355877
ck_fcfe06e44d09a344,0.7615400285190467
ck_ab3426435b0017d6,0.6902016704013036
ck_c383aeabd53e9c89,0.40057038093298025
ck_71bc01291e0533a0,0.2846608270523528
ck_8220da627e9992a5,0.12853941739661845
ck_91d417507a8c58cb,0.842819311468731
ck_79d6793d1d0cf43c,0.13273579140354452
ck_8d84d771a21942a7,0.02635974740272968
ck_b046a42684468e63,0.4587492360969647
ck_1058129ed7b48c59,0.48682012629863514
ck_962e65ab33b5c311,0.9747810144632307
ck_3ded7a8720d7e311,0.08946832348747198
ck_9da82e567074da9d,0.5569769810552048
ck_7b1319a5ca2f63c6,0.9826441230393155
ck_2cfb9a7775e8a5bc,0.9819515176206968
ck_6846100e43659bf3,0.7478508861275208
ck_c72a7d0d03cf3e17,0.9148095335098797
ck_fb00aae4e17740c5,0.09126094927683845
ck_2770b0400a7bef08,0.8347932369117947
ck_b36086ae6d87eec1,0.12470971684660828
ck_ea2a83ccb8d57490,0.07887553473212466
ck_4be03a2aa62b93c7,0.40093705438989613
ck_2786cbc3e75ec034,0.9335506213078021
ck_ae1da8ee98e402a4,0.37339580362599306
ck_b5e54e22e3d6960a,0.4575269912405785
ck_3d139692c51b604a,0.8549195355469545
ck_718a8390b3d42d7d,0.5592992462823385
ck_62081bc35aa59931,0.27329394988796085
ck_7c7266f6ef2a8466,0.5071501324098595
ck_885cf685a9541190,0.9488694235078428
ck_2857a4ce9f72fbfa,0.3491953554695457
ck_0ffdff7b2f5fdfe4,0.6132002444489713
ck_01a750db6fc1168a,0.8288857201059279
ck_7eb4f33260f1dcd4,0.836952536158077
ck_260ef2f3e6434819,0.8166632715420656
ck_544a9e80b7fdc279,0.18957017722550418
ck_97d4bd922996fa10,0.31330209818700344
ck_795c49f312640019,0.18871460582603383
ck_0f8cb09d3f4fc980,0.6255041760032592
ck_69eb0b2ccfbe5f95,0.5008759421470768
ck_44950df09ff14ded,0.01397433285801589
ck_70d19d5650ddc8f5,0.5372580973721736
ck_da39653add0f1109,0.185088612752088
ck_b7431d4706461ec6,0.43389692401711144
ck_2f6a639468f41043,0.12585047871256874
ck_5a29b7018e43280c,0.03471175392136891
ck_18bc51bbf3ef198e,0.7124057852923202
ck_5486768475af7bb5,0.9689142391525769
ck_edc9668282e3c8cb,0.39470360562232637
ck_b64c87d5e3b10e6a,0.9641882257078834
ck_bb399ed6bf28c230,0.6945610103890814
ck_7ea52b6f27edcb73,0.6305968629048686
ck_0789a05e061b2784,0.9126502342635976
ck_29ea329fa40ace62,0.40321857812181705
ck_0034d010d28aea78,0.40016296598085155
ck_b52b99dad89ecdfb,0.6073742106335303
ck_e7b583acaa3171a2,0.6465675290283153
ck_d2d4282f9d256b3e,0.148136076594011
ck_130d3848b9dcdb05,0.17021796699938888
ck_4fe4b072f03f2c1e,0.2996129557954777
ck_16801e628e883d78,0.3378284783051538
ck_610c7bcc1cd7ecb0,0.5405581584844164
ck_34d6d74bb3ed11e5,0.2131595029537584
ck_e87897767c612942,0.7826033815441027
ck_d902183f80cc81fa,0.46596048074964347
ck_df69858b8a8b3165,0.16239559991851701
ck_90489c405e6886d8,0.19119983703401913
ck_84d07028b5fca2f6,0.4154002851904665
ck_d96c893721385e4e,0.17824404155632512
ck_f65ab819373edb37,0.5282134854349154
ck_21cac21fc10b7768,0.38496638826644936
ck_a0255ab46e122d2f,0.08836830311672439
ck_084322dc5a3a86f0,0.39287023833774704
ck_786448fe3004cbd0,0.11407618659604807
ck_e155cf506b2fb699,0.34153595436952533
ck_5984be472d2bc267,0.8684049704624159
ck_dc3d8b5c17b67ae9,0.4978610715013241
ck_5ab68b434ad53fea,0.07064575269912406
ck_2bd73d9098504760,0.72898757384396
ck_d21b38231a8a9f4a,0.7822367080871868
ck_1dfa91405d7e66bc,0.0957832552454675
ck_ecdd01a391610d99,0.4222448563862294
ck_f928dba0d587d7c1,0.17294764717865146
ck_d87e26eb5bc84b01,0.00794459156651049
ck_d66d59981307db93,0.7973110613159503
ck_07f1734be7fac56a,0.6306376044000814
ck_a9b0c4dbd7db6a91,0.7496842534121002
ck_1587763dd54688c9,0.30653900998166633
ck_dd30558576b45e7b,0.49676105113057645
ck_4cedf26628c84f26,0.8038297005500101
ck_a2d709e7eb91e4af,0.8007740884090446
ck_3c48e0cfc2a58041,0.9292320228152373
ck_b8fd61a8e82bce32,0.9804440822978203
ck_7a1519ad5ff45312,0.001914850275005093
ck_9dc23031b6b494af,0.8123854145447138
ck_9ae904fbef56065c,0.23377469953147278
ck_958acf84c6137a22,0.5509879812589122
ck_fe6e168cdbb46b9a,0.8894683234874721
ck_962c3bbf27cd4b80,0.5887960888164595
ck_df1a6edaa3e6b271,0.1962925239356284
ck_df0a8f20ab8f14f4,0.720268893868405
ck_b0a947b498e47018,0.3977184762680791
ck_b616b6f45225f319,0.7925850478712568
ck_ba3a6be026c87079,0.2793644326746792
ck_bc7710f7e9fae649,0.23903035241393358
ck_c5eefc0697451de9,0.7072316154002851
ck_e69195a3c885053d,0.11057241800774088
ck_52e37e2170532e2a,0.8908942758199225
ck_826a27ff7555192e,0.3543695253615808
ck_08c6cc1e143475e3,0.25589733143206356
ck_923d6a0f83accef1,0.5467101242615604
ck_09a988ebcf062297,0.8402118557751068
ck_17de46314b5c6a92,0.4297820330006111
ck_6176baea8cbebbb6,0.48184966388266454
ck_e74716a525ee5b24,0.13819515176206967
ck_8fea7d915259f1be,0.11982073742106335
ck_ddc11fc481eef58d,0.48490527602363004
ck_4feb21e2fb0b3977,0.2772458749236097
ck_03d3026107175dae,0.7021389284986759
ck_6ad56ef40086dbe4,0.4695864738235893
ck_e81fc223bed3c46a,0.8250560195559177
ck_862c7953bdea48b0,0.6067223467101243
ck_c0dde2a6ef1e08c5,0.21609289060908535
ck_660f0006780e87e7,0.39800366673456916
ck_69887d0a9aaca6df,0.1543287838663679
ck_a95f212a02433d23,0.23450804644530457
ck_ce1e695884511479,0.7615807700142595
ck_ebc5a2c6cf88e252,0.745202688938684
ck_2122e9bb1afffef7,0.28600529639437766
ck_38730aace405f2ae,0.9997555510287228
ck_5691cd6fdb6d8147,0.6408637196985129
ck_7dadef33f5e2d94f,0.9863923405988999
ck_278b36c5932d9bff,0.09346099001833368
ck_6a892dd5d05c1649,0.27084946017518846
ck_4a733aeb833406f4,0.14581381136687716
ck_953bd5de48ccd70f,0.9512731717254024
ck_3db59982cbae4410,0.5866775310653901
ck_b8d210e741be186e,0.12422081890405379
ck_7d6bff85e7a694bc,0.14756569566103075
ck_be86a1db08dea456,0.6648197188836831
ck_f761b7650a0c1a85,0.7465471582807088
ck_de8494b13adeffb5,0.1123243023018945
ck_f854fba8f4adae3d,0.7454063964147484
ck_b98e9c3ec6e7d1e7,0.49953147280505195
ck_ccb72a33cc1877b7,0.6732939498879609
ck_76997a33c3ea5107,0.06860867793848034
ck_d00e09e66ed6458b,0.8526380118150336
ck_2bd96ddb8c323d63,0.9929517213281727
ck_f792586ad0381eac,0.8112446526787533
ck_1eeeee651e05d535,0.8550825015278061
ck_fdf0c5b722d83464,0.11562436341413729
ck_a823f5bcb0e4b9df,0.04628233856182522
ck_28f530aec8e77130,0.47480138521083726
ck_80b04344c98ec072,0.5424730087594215
ck_97e56e6037024dff,0.016133632104298228
ck_7c38ec898f0fc21d,0.11195762884497862
ck_205c3405045bd835,0.20708902016704012
ck_b456f62b80e21557,0.21906701975962517
ck_1d6990d94a4d2ad6,0.372458749236097
ck_a574a08edaf81781,0.2845793440619271
ck_c8f2a1dd8a6141a4,0.22501527806070484
ck_51440f64f7250ad7,0.5316765125280097
ck_fa7de64d37287615,0.5339172947647179
ck_d07bfb16a4a7dac0,0.9617029944998982
ck_0d362ddb4a1cb6d4,0.25968629048686087
ck_292f81186358b0fa,0.6634345080464453
ck_d6e7e257751c299b,0.21609289060908535
ck_1b5b75762f033462,0.40896312894683234
ck_152671fbf8a9a78e,0.922835608066816
ck_c0cf50eef030b401,0.04595640660012222
ck_c1466b52c0a10b93,0.33534324709716845
ck_d208494cf5c90047,0.7576695864738237
ck_7fa947a0b1c1cf74,0.7680994092483194
ck_6cdac067cc4db5c5,0.5729476471786514
ck_e3894ed88a7977e4,0.7472397636993278
ck_53f55c6e8cf2d432,0.03116724383784885
ck_a2c3e82fab520483,0.8743939702587085
ck_519a26ecf3d29c90,0.09321654104705643
ck_1a415416f620d49d,0.17645141576695866
ck_c24b47184534cc2c,0.9734772866164187
ck_b2b63ea65edf1dde,0.3796292523935628
ck_482dea6eed92cbbc,0.23499694438785904
ck_7297bff2b7fdcbc8,0.24465267875331026
ck_9a21d183524734aa,0.7167243837848849
ck_95945f48453ca532,0.7419433693216542
ck_6fc37dea4b4f35c6,0.8204114891016501
ck_afaf374009d3b248,0.2919942961906702
ck_10de0b0d86b17839,0.5424730087594214
ck_142c00f9f8557504,0.47736809940924835
ck_c0133f60d39b2fb5,0.24098594418415156
ck_864a11202e19e812,0.6336117335506213
ck_3f943f20a9da9bff,0.8313709513139131
ck_7346e4f820d9c00a,0.9720513342839683
ck_9790138467a06223,0.06596048074964352
ck_35b1939c48182a9a,0.5504990833163577
ck_11f362dca2dfaf5a,0.7734772866164188
ck_ae0a7be6b0a0ea68,0.42676716235485845
ck_0af5b7d128035b35,0.35677327357914035
ck_8d8226520722af78,0.8354043593399878
ck_de58ef6f9fe2b546,0.287838663678957
ck_0274d881d6db82c8,0.23630067223467102
ck_c88fc1bac79fa6d3,0.7867590140558158
ck_826ee896c9f1144d,0.9471990222041149
ck_3b436cb29af99f3d,0.5243023018944795
ck_6f8102f62c876cc9,0.6035037685883071
ck_20fad010969f1abf,0.0463230800570381
ck_23aab322810b9fec,0.43658586270116106
ck_4e329e29dfa743ea,0.9030352413933592
ck_2a7eba01ceba6c2c,0.8967203096353635
ck_9eb1da8cd35a50ce,0.5340395192503565
ck_da1a2450219dcf19,0.6770014259523325
ck_3716c6181a5035bc,0.7863515991036871
ck_51fe0b613c076cbe,0.35489916479934813
ck_8584fea2df4c6317,0.4985129354247301
ck_ea623358f704daa7,0.7606844571195763
ck_ca491debd3b32a59,0.3246689753513954
ck_18c3a095606209e8,0.6983092279486658
ck_71db4131d7efe218,0.17840700753717662
ck_a76e8d83b9141364,0.6016296598085149
ck_5d5ef9e75f65d076,0.7540028519046649
ck_683af7b1540a0b22,0.554939906294561
ck_e8d37262e859d9a1,0.3531065390099816
ck_de5bb7a4d091386d,0.8708902016704013
ck_970c7dc195161272,0.022733754328783867
ck_80a64a7f0275a71d,0.3571399470360562
ck_04bd8a1ffaf3ffd8,0.503768588307191
ck_77e0589ab339ca66,0.3600325931961703
ck_7baf1e55db0dc558,0.38297005500101855
ck_f05f5e4b40afa52f,0.8426970869830923
ck_dddd14091ce812c2,0.4780199633326543
ck_12c46bc52bf45b36,0.6180077408840905
ck_740d8fe8028b5a2e,0.4008963128946832
ck_cf78169633a1600f,0.16634752495416583
ck_1a3fd2cc4b4de196,0.22937461804848241
ck_f4fe78e249092ab1,0.763373395803626
ck_966901ea9c77cc02,0.14740272968017926
ck_f9fc468915afe49c,0.4536565491953555
ck_af3f74b1d75a5d95,0.6297005500101853
ck_af70aa32c009c3c9,0.31411692809126096
ck_da645ea91d66aa6f,0.8958647382358933
ck_e15e3390f5ed45f3,0.32564677123650443
ck_5f87eb05d18186c0,0.4331635771032797
ck_a61a879dd46fc9f2,0.47492360969647585
ck_024dcab126876002,0.5973518028111632
ck_819b482bca14c068,0.9196170299449989
ck_15220e78d1545e40,0.6068445711957628
ck_2ca0020038bfec58,0.9289875738439601
ck_fb00dd5021642507,0.7130576492157262
ck_2737a72de6b700f3,0.8964351191688734
ck_263334d722ecbc97,0.9716846608270524
ck_ba1f6dd43fc8a0b1,0.629496842534121
ck_5a22cb36d612236e,0.39490731309839067
ck_d86ccf148c06c8c8,0.6475453249134243
ck_60b023af6d1e30bf,0.9401507435322876
ck_1c8b94efe9238f5b,0.10295375840293339
ck_0284dc2b4f856b3a,0.8873905072316154
ck_72e550559487b919,0.23181910776125486
ck_7e73e1d44ce82ed9,0.4708494601751885
ck_f8dc8473c2772729,0.8621307801996333
ck_4596624a7c01d501,0.39356284375636585
ck_04e89fbd739243fa,0.12572825422693013
ck_6149ffaf18872dc8,0.07928294968425342
ck_e0171f91cb3411fe,0.41311876145854554
ck_1ecd5516c92caa4f,0.0339376655123243
ck_21e3b3bd998745e5,0.4929720920757792
ck_05ed92a7c3e10e5d,0.6786310857608474
ck_d6fb9cc5171e3e9b,0.9397840700753717
ck_f0cf85b67a9b840f,0.19987777551436137
ck_c58bafff7b1955cc,0.6607455693623956
ck_06280e6d6d2485b0,0.30837237726624567
ck_99d3983f907828bf,0.5086575677327357
ck_05ea4440dac6cfad,0.7032796903646363
ck_5eec9ed855c26000,0.571806885312691
ck_5ab39bdc9610f6f3,0.9295986962721532
ck_c35d444e05799db6,0.41287431248726825
ck_87cce4126e215153,0.29020167040130374
ck_713649668a7ca824,0.7299653697290691
ck_0b0c93039f987abc,0.38162558565899374
ck_6d07d6d1bd227d37,0.8332450600937055
ck_e00e82a9419ff086,0.6007740884090447
ck_eaf3b6d11bc3cb11,0.24607863108576086
ck_2bb7c17168a9d17d,0.2732939498879609
ck_416f7ac57da081a3,0.3652067630882053
ck_b60de9e97aad9e45,0.9805255652882461
ck_7973edc9f22ee7b6,0.7539213689142391
ck_8452b6cf97c65a5e,0.5561214096557343
ck_6fb39b60c67d5475,0.30262782644123043
ck_785fa45e86bc5e95,0.29684253412100225
ck_3eba1fd2c7acc4c0,0.9214911387247913
ck_c10c8bcf5bcd516e,0.7305357506620493
ck_2825e34dd3e7ea2a,0.10572418007740884
ck_67f3794d93e2dd67,0.9378284783051538
ck_9cbd9ecf8374f65f,0.3724994907313099
ck_32246c62640648d9,0.1425952332450601
ck_f301f6758e170d66,0.8030556121409655
ck_885a83975cea5e64,0.46726420859645545
ck_0d2901bfe585c391,0.9085353432470972
ck_52453401f88935da,0.2932165410470564
ck_f9d481aa4f9b2808,0.9272764310450193
ck_18c179b4afc4fccc,0.22668567936443265
ck_a477654d34783e06,0.3110613159502954
ck_7310cda3bc65a73f,0.06147891627622734
ck_c20e89afe575549b,0.13962110409452028
ck_668ec61c4c39cae3,0.1736809940924832
ck_fc2cb29918631f10,0.9122428193114688
ck_15ce50f2704227be,0.48066816052149114
ck_0c533ff2d0f9962a,0.506946424933795
ck_5881b174e49b04ee,0.08885720105927888
ck_371bd9388b287677,0.15534732124668973
ck_91a16336ce3217dc,0.41605214911387245
ck_a760d38d1bc4de97,0.29073130983907114
ck_a9dded7f6294e44f,0.8814829904257485
ck_c8a03c516ed5b05c,0.634059889997963
ck_25bfca1d8eaa152d,0.37282542269301283
ck_191673540d8486af,0.33929517213281724
ck_82eed68d05a42128,0.6275819922591159
ck_24b0803447211bf3,0.5424730087594214
ck_023908db0a193076,0.8977388470156855
ck_aca35dbcb835ad02,0.2292116520676309
ck_248b3659a9239240,0.5267467916072519
ck_a51abde881ebeff3,0.40211855775106947
ck_db9b9d5d30f74070,0.7815441026685679
ck_8b3401b44aaae728,0.2644530454267672
ck_0841a5c24fd3dd28,0.5233652475045834
ck_541b6ad5d2fa5a39,0.5551843552658382
ck_16c7bf94ed3e7a6f,0.03670808718679976
ck_c82897ebffb6ae66,0.20085557139947036
ck_b4a6bb4689cd7cfa,0.43414137298838873
ck_7c4f42c5397113b0,0.20220004074149522
ck_73f124f075ede0fc,0.2501120391118354
ck_7584e7bd755cb28a,0.5683845997148096
ck_9f792e7e721ff7f1,0.07924220818904054
ck_c735b643d3cbf67b,0.3216133632104298
ck_58bb02d98e2b9cd5,0.46400488897942554
ck_0d65bc749eb42710,0.5214503972295783
ck_6c33cb15b0d8af54,0.22041148910165004
ck_c7f6f45710bc050f,0.1665104909350173
ck_aefa0d8d933e0eca,0.6099816663271542
ck_c1ee56d65a42f59f,0.7898553676919942
ck_66147fb994495396,0.875819922591159
ck_06e73afdec26aecc,0.8719087390507232
ck_9fb8e3d38cdf276d,0.9577918109594622
ck_ff3998d6858daa21,0.08417192910979833
ck_7f188aaa63d1d442,0.4059889997962925
ck_c7d444d90fa86d7c,0.9224689346099002
ck_d68d42858a55adff,0.6892646160114075
ck_fa7d5be26bf7b31c,0.8436748828682012
ck_352657008983fd4b,0.42750050926869015
ck_7476e7fe1ff45545,0.5714809533509879
ck_41406cfa209b6bda,0.06388266449378693
ck_475ebccca25e30d1,0.32222448563862294
ck_49ccc3716a564256,0.2234671012426156
ck_04470bc93b8a0d71,0.1968221633733958
ck_084cd84501012218,0.9331024648604604
ck_684609767df4a14b,0.6619270727235689
ck_3e4d02a04be2aaf8,0.6326746791607252
ck_f01af1b0c977cc06,0.6569158688123854
ck_027614eeba8b1a4b,0.2492972092075779
ck_0f743bd13373748e,0.21796699938887754
ck_399b0d510be98bd2,0.5431248726828275
ck_ca4465f2b5c1a52e,0.9931554288042372
ck_2a59f23fc5194699,0.8214300264819718
ck_243c18dbf150831c,0.15771032796903647
ck_88d9244a9cf7a77e,0.9517213281727439
ck_1ba28fb7ef726ce2,0.4647382358932573
ck_786f079389126e44,0.7340395192503565
ck_4f01f7eac0efaba5,0.2755754736198819
ck_47d29c01b20cf69f,0.41104094520268897
ck_07a5610ed28162fb,0.34626196781421875
ck_57b8226610b48854,0.4500712976166225
ck_c6fff412f531db0f,0.03666734569158688
ck_bac6dadf428eaea9,0.8255856589936851
ck_e37196b20968b73c,0.39714809533509876
ck_12631b78f8a03df2,0.20484823793033205
ck_2c6b174b063ec637,0.3859441841515584
ck_af559f990c640e41,0.5434915461397434
ck_e7a3881c3e36bd51,0.9223059686290487
ck_5839f5cbd8165b1e,0.17343654512120593
ck_67858bc00e81490d,0.14919535546954574
ck_4737e0d56c6fa0a1,0.3140354451008352
ck_93e0d6befb67f7a1,0.7817885516398453
ck_2e315f1b1e533dab,0.13554695457323285
ck_af32a0660090dd68,0.5971073538398859
ck_ede2e887697ffac0,0.21735587696068445
ck_f48acb73a5d6af07,0.9201874108779792
ck_756d2c13d02b3e09,0.36500305561214097
ck_96fb9bf556842bbc,0.8514565084538603
ck_916784595f028226,0.9045834182114484
ck_20c99b645f462449,0.2643308209411286
ck_9863bff41d24ce9b,0.42750050926869015
ck_5009a6c8bbaf15ba,0.752984314524343
ck_a821980ac4db9943,0.8941943369321654
ck_e6de67c0d82a7b83,0.5689957221430026
ck_752dd3d2487f78ea,0.5524954165817886
ck_9652283c9f61fcec,0.21104094520268893
ck_ff8059ae5fa5f1ee,0.0006926054186188633
ck_fc4a43f8876bf10f,0.9183540435933999
ck_a9aa5c344c315532,0.5736809940924832
ck_8e2b2251ee224aa4,0.3075168058667753
ck_3a47e3f54475e854,0.2439193318394785
ck_51bd5f69b4fe0b92,0.959502953758403
ck_d52432ed597f3cc9,0.17942554491749846
ck_04fb61e5739642f8,0.9012833570992056
ck_fc3d95030b81f416,0.013281727439397024
ck_1906f0dfaf6e9bad,0.941332246893461
ck_66cfc1ebc9a513c8,0.1321654104705643
ck_1411a80a157ff39c,0.35864738235893256
ck_9b436162039a77d0,0.6548380525565289
ck_b9485218cef413f0,0.47056426970869836
ck_b62f5144db15ad34,0.6482379303320432
ck_5dcd443fe0bbdeac,0.07683845997148096
ck_b7dd681eb3d2ee38,0.11248726828274598
ck_bd21164bd2bbb635,0.5350580566306784
ck_e6222925762273b8,0.9045426767162354
ck_bfecad7586f65e4d,0.436626604196374
ck_aa9953c0ca2bed7b,0.020330006111224284
ck_bea56db7f3e930e8,0.07557547361988184
ck_e40a156511345d6a,0.0680382970055001
ck_03f6664a96de7d0f,0.6939498879608882
ck_1a319e509f1efa1a,0.012589122020778163
ck_7a52674e2806d8f5,0.6313709513139132
ck_ec4dd3675a8d28cc,0.2854756569566103
ck_dce1fb3acd65562f,0.13725809737217354
ck_abb9d65ff1f95b64,0.5827663475249542
ck_aaa9861c91bd14dd,0.35229170910572416
ck_2cbc2f93a32eede8,0.8147891627622733
ck_f2d3e3d90608596d,0.9081686697901814
ck_127273af97d7827d,0.12189855367691994
ck_a6def1e4b2d57e0d,0.7775514361377063
ck_96247fee0eb44420,0.11309839071093908
ck_5517b9a865960542,0.49476471786514564
ck_37176850ed68831e,0.4970869830922795
ck_ae416325fef92c9d,0.9524954165817886
ck_f285e5e1912a7c62,0.08290894275819924
ck_368b65fca69fc415,0.7626400488897942
ck_9a36916b60178ded,0.9415766958647382
ck_4a0eae220a762ac5,0.708902016704013
ck_e9b0bca7368555ef,0.3529028315339173
ck_da1c853b0a061e83,0.42684864534528416
ck_58412a2674fea506,0.3665104909350173
ck_9ab42875a0f95b43,0.7669586473823589
ck_affa5aa0bff9bb0c,0.17738847015685477
ck_d27a73596b6500c2,0.4501120391118354
ck_2d963f9b2c4d11e1,0.7161947443471175
ck_dc16f939c2f44ad8,0.7833367284579345
ck_97c38e7f61c27e47,0.46926054186188637
ck_861d8e3d88f1079e,0.8115705846404563
ck_819988d8a7f26415,0.10246486046037889
ck_5e021f2a3b66e256,0.6643715624363413
ck_0428728df24cdab4,0.434996944387859
ck_780738e0d71e7e43,0.17771440211855777
ck_5fed957287ebca03,0.10556121409655733
ck_bc19c383560c7477,0.7774699531472806
ck_b1befe967f7a5ebf,0.5972703198207374
ck_73a54b56a2bf35fe,0.9323283764514158
ck_60bf8a2870956fb1,0.23320431859849255
ck_6a0ccd7357979f0f,0.8108372377266245
ck_6b255bf68709109a,0.3476879201466694
ck_2cb3c99845e572da,0.11008352006518637
ck_c9e1e3229baae708,0.49158688123854144
ck_1a4bb7d3d2ee3227,0.4405377877368099
ck_c7e07ebfb0bc15f6,0.7253208392748014
ck_4bb90a61c21a303b,0.6572010592788755
ck_3ade9eac7d7b0dbf,0.9019759625178244
ck_8171ef803f5ff604,0.6127928294968426
ck_4859a58629622915,0.6444489712772459
ck_20124c3a16c53ce4,0.8745161947443472
ck_dd3feb77d7d4f6d3,0.2817274393970259
ck_ed0c4a83701ca230,0.709227948665716
ck_982ebb24174a4ade,0.24705642697086982
ck_deb3ac0606d6f6db,0.6782644123039316
ck_e666629e5a41b39b,0.3086168262375229
ck_1a9d6190c57ea7e2,0.9097983295986962
ck_527550dd15f38782,0.6084742310042779
ck_480347ad92037105,0.5264208596455491
ck_00b9818e2064405e,0.704379710735384
ck_b53281da70defcfa,0.6854349154613975
ck_3f090fc96c24eb28,0.24921572621715216
ck_3d9afd862b3f4053,0.9130576492157263
ck_9bf3ce30b65f75c7,0.7514768792014667
ck_2d5a6b6636a2596b,0.2685679364432675
ck_9a4967cdf49265cd,0.9093909146465675
ck_69691226c68fd50b,0.845711957628845
ck_1b1efbd9c0964c8d,0.5804440822978204
ck_78bc3f1d0f35ea6c,0.4853534324709717
ck_d288b77d1e227970,0.5370136484008963
ck_017208fcc01b5d40,0.2431859849256468
ck_8b3b874249adece9,0.6387451619474435
ck_49ab879b5aa7fccd,0.8739458138113669
ck_b3ce8f1bcedfa043,0.4343858219596659
ck_7e3923d278a5106e,0.4977795885108983
ck_e05e91cc180063d4,0.8148299042574862
ck_ba666a425930615a,0.06620492972092076
ck_a8382d8345f21e1e,0.17229578325524547
ck_3dee83fa2d109484,0.18692198003666732
ck_2d177b2f4f0b40c9,0.9045834182114483
ck_40140bef4db73741,0.14585455286209004
ck_22c862a496008c96,0.9940517416989203
ck_aa42976a31cb7770,0.10462415970666124
ck_782b0be796164335,0.29476471786514563
ck_5f864d72d1eead99,0.7680179262578937
ck_0ada6fed1864e7c4,0.4481564473416174
ck_7878545739af0a73,0.07080871867997555
ck_ab973888c20c9120,0.7794255449174985
ck_1ae460f331e49ae2,0.7496027704216746
ck_509c22828d467ba3,0.6689346099001834
ck_24dae044dc05f849,0.7516805866775311
ck_2b8f33e22f939372,0.9518435526583826
ck_6a01c375fc26705a,0.12010592788755346
ck_ae96d35465b3b4bd,0.36129557954776936
ck_512ebe97c0af94dd,0.8973314320635568
ck_5af9934a56801ac0,0.8212670605011203
ck_fc7445ec76389a58,0.9347321246689753
ck_b8266dcd90cbfa62,0.2983499694438786
ck_884b2e463ff1d54f,0.26457526991240576
ck_95aff1fe27fb24bb,0.8740680382970054
ck_7bc752ae7cf5d55f,0.7381951517620697
ck_57b3fee69bdf85e8,0.06005296394377674
ck_ef0d702d7b0ed745,0.09790181299653698
ck_212380e0371d8a6d,0.7643919331839478
ck_2b90b76cf4d162f9,0.27068649419433694
ck_87771861e0447210,0.8223670808718679
ck_21fe7bc59dcd78fb,0.4731717254023223
ck_fc0cc4b25e6a8194,0.05593807292727643
ck_e7a530e09d113dd7,0.8741087797922183
ck_3f94a34f5038f7c1,0.9744550825015277
ck_124565a11b2f8bb8,0.5962517824404155
ck_38ba4a6b6a292054,0.8636382155225097
ck_6a4981bc721df37a,0.7020167040130373
ck_4672167d7c989bbf,0.5921368914239152
ck_817926b449754917,0.610022407822367
ck_54c2604c9ca6256b,0.3944591566510491
ck_0302f67d75973dce,0.23833774699531474
ck_9a6a1f8102febfca,0.5278875534732125
ck_7f1c20319eb60aa6,0.9987370136484008
ck_a86cd653472eccbc,0.4249745365654919
ck_02028b72f26fe855,0.360765940110002
ck_4108b4038f762817,0.9278468119779996
ck_63356762d24aab81,0.48066816052149114
ck_5e3bc76eddbdb0a6,0.29012018741087797
ck_7f3685aa2933b251,0.7592992462823385
ck_3b92a46daf8d00d2,0.5966184558973314
ck_f1d8a2695a575e56,0.1367284579344062
ck_0324a4812ec319c6,0.37563658586270116
ck_5c36c78b7a4d138c,0.4580973721735587
ck_9b6282e3bad50710,0.8497453656549195
ck_7373d7b04c7799bd,0.6629863515991037
ck_0b0e79d33e50cba5,0.1736402525972703
ck_f3c16d8f747db046,0.6162558565899369
ck_839ce35819bfa4fc,0.0905683438582196
ck_275386782b1606f8,0.0815237319209615
ck_4e9fba1ec54c3ff8,0.46534935832145036
ck_4b041217690fca2f,0.4849867590140558
ck_a59e90219939a1f0,0.25887146058260335
ck_a9c2cdc758df8510,0.7533509879812589
ck_720cd658d11ea428,0.6944795273986555
ck_fdeaa1cd085691f0,0.7466286412711347
ck_2bb1389e5e72c8f4,0.5057649215726218
ck_5de33a7a87e9aa62,0.7734772866164188
ck_f7a07283345a0dce,0.17518842941535956
ck_c375e929becde422,0.3937665512324302
ck_c84ef83489badbfd,0.6170706864941944
ck_cc3318839c4b0745,0.12422081890405377
ck_279a1d3a3836e5cc,0.6547565695661031
ck_7977135c2ff61e92,0.5910776125483805
ck_6a1ff9d69466181c,0.9984110816866979
ck_e1ff9e31becc27ae,0.8613159502953759
ck_a13fee8cd925d0dc,0.11244652678753311
ck_b170a7db522a0d6f,0.4782236708087187
ck_8d38747058d0aeea,0.9677327357914036
ck_18116d0ac08f1996,0.9633326543084131
ck_2210f7a0d13bdbef,0.6429007944591567
ck_1af547077ba2dd03,0.8801792625789366
ck_516163fcf04d5e77,0.3742921165206763
ck_8b39d8aacfdd72b4,0.25984925646771234
ck_d39b0152116203be,0.38745161947443474
ck_ed33f8a937f9c7c8,0.47956814015074356
ck_ea1e5b5128ecba2c,0.0991240578529232
ck_8247f008a14bd1a2,0.3644734161743736
ck_3d6046a533057795,0.7179466286412712
ck_0bf2e13b9f2601ac,0.5739254430637604
ck_f4de03f44e3a5bd5,0.2809940924831941
ck_3ba3fa5387bacee8,0.02342635974740273
ck_8f604fa70fc3c8e3,0.5613770625381951
ck_64f3bb17101b7c42,0.31709105724180076
ck_a4e6fc391b674335,0.926094927683846
ck_79b6a86830156b5a,0.35506213078019966
ck_d74123617f22a21e,0.23063760440008146
ck_9dbe184e81c1ca8d,0.8464453045426767
ck_de2924955926d046,0.5731513546547158
ck_e556c4d36aadbe03,0.034304338969240164
ck_e37cee7b123692af,0.6395192503564882
ck_c50fed2a7c9198c0,0.40268893868404965
ck_5647030283171ed5,0.9210022407822367
ck_d4972a775aadbbc8,0.5905072316154003
ck_ce5ed372b1a2ed6b,0.6906090853534325
ck_3eb6146c262e0fc3,0.05133428396822163
ck_53816231f3ffb48d,0.16875127317172542
ck_afb23858a4ef42ed,0.9931146873090242
ck_3882423b449f6291,0.963699327765329
ck_79b235d51718435d,0.7739661845589734
ck_298278a9da874437,0.35775106946424934
ck_32f632706608859e,0.2889794255449175
ck_3638bc3388dbc1bc,0.8871053167651253
ck_ac7cdb9b8da7b5dd,0.7009166836422898
ck_7d025dea5951cba7,0.15265838256264005
ck_f06d00a4f9c87d80,0.18565899368506822
ck_d9c2622cb6df380b,0.3628437563658586
ck_d4ec44760cbe03f4,0.4710124261560399
ck_c1d05ef0ec6e4be7,0.1546547158280709
ck_5abe57dfff4b735c,0.32189855367691994
ck_53cddfba570b4a3b,0.4419229985740477
ck_7c500e219af39486,0.22851904664901204
ck_3bece63711407e25,0.556243634141373
ck_8ff1e6028e764472,0.9837441434100631
ck_8c346eeefa9ce692,0.3998370340191485
ck_d840db8cfe2ef6f1,0.16569566103075983
ck_cc6d33890d47a6cf,0.7102872275412508
ck_2ab28149b0986642,0.9390099816663271
ck_4ad5937bef176d89,0.2607863108576085
ck_645f15bbbcff3b4f,0.9871664290079445
ck_aba32acb61c1aaca,0.8718272560602973
ck_26de14b96bdad4f6,0.17616622530046855
ck_ab80466ef615e85c,0.24636382155225098
ck_ba93cb604f792915,0.44607863108576085
ck_3830c58d841e9e69,0.9124872682827461
ck_1d5d74169cf892ef,0.6167854960277043
ck_eb2323215ff70362,0.4849052760236301
ck_6775e387dace7525,0.591892442452638
ck_0ea30eff5f361cba,0.16748828682012631
ck_cc5a35175d381d5a,0.2189040537787737
ck_e14681aad43e1a72,0.6961091872071705
ck_3222ea25aa29bfa6,0.06327154206559381
ck_f6c42001b84a10cb,0.8215115094723977
ck_3753cc5b9d02e2fd,0.10177225504176003
ck_eaf6f7082c3db2bf,0.6428193114687308
ck_a9ffd6b3957bd41e,0.2132002444489713
ck_558a82590f65df69,0.1157465878997759
ck_7ec423cb56257516,0.7346506416785497
ck_b3867f7f494db64c,0.011081686697901813
ck_3c9a06eb07c300e4,0.007374210633530251
ck_d960af7a55b892b1,0.49411285394173965
ck_3d83e0a3c1cfbf8b,0.38272560602974126
ck_34ed59bc2c9b0186,0.34691383173762474
ck_4136b00924695ab4,0.02033000611122428
ck_c802cf8f61466027,0.04501935221022611
ck_de436e7b319be1fa,0.9851293542473009
ck_91081be0254878a5,0.7663475249541658
ck_ec2eee6a133e9a6f,0.7277653289875738
ck_81429c4910ca46cd,0.26987166429007947
ck_80ad4396e1084c68,0.7297209207577918
ck_11667f5b9fac7bc7,0.04770829089427582
ck_7367917891a63771,0.5022204114891017
ck_f908b527c4db422d,0.8346302709309431
ck_2329cc9702cdf7a0,0.6777755143613771
ck_6573c4947cc8607e,0.8883683031167244
ck_ebcb93a2990fc914,0.7882664493786922
ck_7a1782cefe26a456,0.7765736402525972
ck_ee3e7c9d3a9c74b4,0.6826237522917091
ck_720776a46e56dfa8,0.2619678142187818
ck_bc8f31f4a2ffa1ae,0.003300061112242819
ck_0cd8802264e0a1ef,0.6918313302098188
ck_c0d2c56f9c722e99,0.9876145854552862
ck_8c949bdc6e8720fa,0.763699327765329
ck_0ada63008be5685a,0.8761458545528621
ck_a3f821bdf408c326,0.25304542676716235
ck_de13de941bebc7cf,0.004237115502138929
ck_fc8cd8a8209e802d,0.5617844774903238
ck_181f3dae03b87136,0.793562843756366
ck_ecaa6f13304e3dc5,0.05984925646771236
ck_e06f6fed020ae014,0.37563658586270116
ck_2c041b1efb1c5063,0.32919128132002445
ck_8abd1a50a9227463,0.727683845997148
ck_8ef1d05cc1e53e7e,0.7091872071705032
ck_4637e54a9f79e2e7,0.2733754328783866
ck_e8bc49e6494c1f37,0.19449989814626198
ck_11f9390a11ce9ff5,0.510857608474231
ck_15b4840922195ffd,0.5921776329191282
ck_6bcfa37c717f19f1,0.7874108779792218
ck_efb24be983342f75,0.1738032185781218
ck_5b137d74bba6b1b4,0.021307801996333267
ck_295c0072eca7f7a2,0.29887960888164594
ck_4af7b97c24d89a45,0.6869016092890609
ck_fa0ecbcf9a33d6ce,0.0740680382970055
ck_da84a0dfe947fd3c,0.09439804440822978
ck_3e3c64b3b7876ce6,0.5984110816866979
ck_da2729307af06ed5,0.8318191077612549
ck_74d0e7c2c6b63d36,0.9554695457323285
ck_c478aae3031bb328,0.2724791199837034
ck_cf301f2194975866,0.5188836830311673
ck_086d29ccae565e5d,0.19918517009574252
ck_34a33ffe8339f66d,0.96300672234671
ck_e57c79eaab35ded7,0.21470767977184763
ck_4940e78cbdcfecf3,0.24579344061927072
ck_578f67e69e5d2cfd,0.5138724791199837
ck_c767fc454fa215d0,0.6836830311672438
ck_5d644224135d7c65,0.44620085557139944
ck_e78ab4ff52b5fd2d,0.2882053371358729
ck_51efdd240e34c642,0.5666734569158688
ck_c39c6a1453e2b92c,0.012629863515991036
ck_b080ff636932d1f1,0.22530046852719493
ck_5c8390017fabfaef,0.7421063353025056
ck_61176dafb33b2d8a,0.9295579547769404
ck_fc6fed6ea96a004a,0.6613566917905886
ck_3e2516a3e35067e0,0.38081075575473616
ck_17a95bba77217d85,0.8028519046649012
ck_1ffbce3a239bb264,0.19519250356488083
ck_7f960541e5174565,0.5394988796088817
ck_9b1c3742dd6fcb8b,0.38712568751273174
ck_d5458ba39ae94498,0.5091464656752903
ck_0a921a73a90c2e39,0.40211855775106947
ck_293581d879f6663b,0.9467508657567733
ck_03e904682dc73bba,0.20733346913831738
ck_4f490e379e9ded9a,0.24860460378895904
ck_9b9ce7bebc235fe8,0.0780199633326543
ck_a4a42d4bff8af645,0.2876756976981055
ck_b046067c6ca3831e,0.19372580973721737
ck_bc7ece8787ca7200,0.20321857812181707
ck_2c5bc11bb7ae5d2c,0.9661438174781014
ck_b74b9ba6d7c9aab7,0.882705235282135
ck_91d48d69e4f5d9c2,0.5340802607455694
ck_1a71f8081ae00190,0.9357914035445101
ck_38ba64efa7c38250,0.4903238948869423
ck_1a6ddfeef82b1b1a,0.08979425544917499
ck_c4402ea6291df271,0.6319413322468934
ck_478d2667aa9896d9,0.4400081482990426
ck_c9490cb61aff5112,0.7707883479323692
ck_88f27ab479063852,0.6919128132002444
ck_b7793edca26fc512,0.6134854349154614
ck_f88028c3f306bc70,0.4807903850071298
ck_e8a6acea22b20312,0.9120798533306173
ck_c8b7f241810b45e5,0.040334080260745565
ck_2408db62e4395ccd,0.32646160114076184
ck_bcdbf57d98dc0d27,0.7918517009574252
ck_b3225a98acd04f83,0.2823793033204318
ck_35694db37f0cde7a,0.11501324098594418
ck_87d55ca333f22072,0.18936646974943983
ck_ccc917533d4b73d4,0.29048686086779385
ck_0c5ba86f4e05b38d,0.509594622122632
ck_8740a14d8096c6e1,0.5810144632308006
ck_17ab24fe914ae44b,0.42436341413729883
ck_3b963d6be2773861,0.14345080464453044
ck_c183dff3781746cb,0.7953554695457323
ck_7336611650dcc088,0.5088612752088002
ck_c817259019588d30,0.6563047463841922
ck_d39864119cdd460f,0.2544306376044001
ck_463ae759e2b6ad1d,0.4553676919942962
ck_e560f720a988d8a2,0.9459767773477287
ck_72dd0dbdf808cb00,0.4600937054389896
ck_32bb42f9bff197f8,0.03185984925646771
ck_70bef9ddd4bab005,0.14723976369932779
ck_4b15b0746318cf42,0.8804237115502138
ck_39a68c55a1bd3ace,0.8788755347321247
ck_4c76efcc1ee6762d,0.42163373395803627
ck_79f5198f0decef20,0.11305764921572621
ck_f655399ac75c4450,0.6129557954776941
ck_24b53090faf722cf,0.2723976369932777
ck_11cb98211b2ed134,0.9502138928498676
ck_3534be0f4efd313c,0.25345284171929106
ck_28d2003c2d16e4b6,0.2240782236708087
ck_d3796aebda1cfed5,0.9388062741902627
ck_a3a0bd59729fe619,0.09737217355876962
ck_8ddaf745bbb9cd62,0.038419229985740475
ck_fa24db9d416ab904,0.265145650845386
ck_493b6256091014cd,0.9544102668567936
ck_57a6b56b09bff24e,0.7833367284579345
ck_a2245822cfea997d,0.2656345487879405
ck_92f6ebc11ebca89b,0.877449582399674
ck_fbf630c960194033,0.764351191688735
ck_1c17c65804f8889e,0.5774292116520676
ck_00ff7389d6a83e29,0.5726217152169485
ck_bdd8eba728800e29,0.5690772051334284
ck_0525349f3945375b,0.5080871867997555
ck_d1b0699d26282871,0.7223467101242615
ck_a678731156ad7bd2,0.8441637808107558
ck_011551a596544f5d,0.11778366266041963
ck_0bfe62e0c7eab9c9,0.5346913831737625
ck_e5ee006ecd8ff661,0.7036056223263394
ck_e2374c7136c964fd,0.7230800570380933
ck_af528d66c86f0cb8,0.9288246078631085
ck_5448c946cc4758fe,0.5830107964962314
ck_37d3e5c681a2214d,0.8773680994092483
ck_fca478361870a4ca,0.4655530657975148
ck_fb44d15fb93a7157,0.8076594011000204
ck_0e8f26536ccc8947,0.4475453249134243
ck_6768c4b2aa8ce586,0.4387451619474434
ck_6a548da1728b5823,0.9686697901812997
ck_0e7bf10ef49aa818,0.7915665104909351
ck_f2c824d3473db24c,0.19466286412711348
ck_d9ffca35188e49d8,0.6495823996740681
ck_3db73bbe03c3d240,0.1316357710327969
ck_899f88464305824a,0.47997555510287226
ck_148c28df51bba5e9,0.969851293542473
ck_7955a359b6448799,0.049745365654919535
ck_8c748aaa4a4554f9,0.4562640048889794
ck_fba15647b3a140d9,0.17164391933183948
ck_c2fc0ac460786d02,0.8585862701161133
ck_e42206e91f6a1752,0.06005296394377673
ck_8c136dc691e65695,0.04220818904053779
ck_8c0955dad13c3ca1,0.12193929517213282
ck_6d4cd2de601a2308,0.5966184558973315
ck_76ea90ebc74bcdc7,0.46710124261560404
ck_734f06bd4aa92781,0.6558565899368507
ck_41af3729590c2484,0.42851904664901197
ck_e63256667aa19070,0.8359339987777551
ck_1b2ce474fa6582b4,0.6733346913831737
ck_c8131ddc7ed33448,0.34459156651049094
ck_33ecff7914349ebc,0.2716235485842331
ck_36287d063350ce9d,0.19743328580158892
ck_956dd784525f5886,0.7822774495823996
ck_ba7b78d31d74c794,0.8005703809329803
ck_5bea0e0ee0b094cd,0.1173762477082909
ck_d6a4faadab58a3de,0.42672642085964557
ck_bdb966f43ac350ee,0.6794866571603178
ck_3fa559c679751b3a,0.5164391933183947
ck_7ef019ed77276496,0.4651863923405989
ck_0e6046fc30f81705,0.4882053371358729
ck_53aca610e20598bc,0.4952128743124873
ck_5275be4e1577c1c7,0.04216744754532491
ck_43948784650bb9ac,0.2873497657364025
ck_5c87eea1cc07cc92,0.7417396618455897
ck_5f445182829ef342,0.7868404970462416
ck_cc81dbc83a8879fd,0.22477082908942758
ck_68ef3e7301c621b7,0.6738643308209411
ck_e988c108754cee9c,0.37518842941535957
ck_3327a0582407068b,0.7595844367488287
ck_e1d563fab4d6116a,0.414911387247912
ck_588f6e6a6a6d93e8,0.6354043593399878
ck_723b4afc388113c8,0.36736606233448765
ck_240f7f894c5a86e7,0.06636789570177226
ck_ab553954435e8854,0.9566510490935016
ck_78cd402a2a4f2e35,0.0893053575066205
ck_09054e97bdf9624e,0.051212059482583006
ck_303b33910d67f306,0.03646363821552251
ck_74e9747954a46eaa,0.33652475045834185
ck_b56c62c950eda009,0.18402933387655326
ck_58f757e40a9b8877,0.6376858830719088
ck_45a16ce12893cf9b,0.592829496842534
ck_3272c2c4a37d5220,0.9610103890812793
ck_9cb89cc3178e0172,0.0902424118965166
ck_c5d62b2b7a6f3bac,0.9788551639845182
ck_0dd417fcbf19e424,0.7453249134243227
ck_5379452a9d74efae,0.03271542065593808
ck_344a95cb7115ec67,0.22049297209207577
ck_6f9fd15ac6b163de,0.156243634141373
ck_173e1198c341087b,0.40786310857608477
ck_9994323f97109f4b,0.986718272560603
ck_05f375fc8ae0afb0,0.41491138724791204
ck_d328db1e1052d820,0.4226522713383581
ck_70396398e4a96449,0.2856386229374618
ck_61b067de8ffc1ca1,0.70857608474231
ck_87809324c2675b0a,0.8231411692809126
ck_27cdf9c5e6f0915b,0.40509268690160927
ck_5b8fc4a76f340797,0.411652067630882
ck_a44462a3853ac67e,0.983825626400489
ck_466a7316eaf149b1,0.3641474842126706
ck_d35c51e981b98c5c,0.5456915868812385
ck_99c0004d8b7079f8,0.15726217152169486
ck_8a8f81bf3558fd9c,0.289468323487472
ck_b4dcebc543deaafb,0.35172132817274393
ck_7158ad9e58769ffa,0.7651660215929925
ck_3c02d4dbbf6716b6,0.2814422489305357
ck_41ef7967faf5ce82,0.00472601344469342
ck_a7c1dabf3869772f,0.7331432063556733
ck_77d9f86dcf251739,0.34263597474027296
ck_02903c48b6cfd65d,0.26934202485231207
ck_b45e47c39d4dc7bf,0.4479119983703402
ck_e55e5bdfc0242aef,0.8964758606640864
ck_ae20e28f9854f3ee,0.6250560195559178
ck_9e65a8a2f587691a,0.5190466490120187
ck_dceabbe04d99afc2,0.04351191688734976
ck_837be8126bb19250,0.1465471582807089
ck_c05737ab74cf03c6,0.8956202892646159
ck_2cdf5fd97ba75e06,0.9409248319413323
ck_97b8e05d62abdc14,0.6546343450804646
ck_7df9910af2bba21b,0.14740272968017928
ck_850e2b59bc535490,0.9038093298024038
ck_978c21bb5fe3171e,0.6483601548176818
ck_d654449f9231ad76,0.11338358117742922
ck_e136e20c1c74fe38,0.6699124057852923
ck_2fe6cac002142f67,0.49069056834385827
ck_8432ccec1a4ec7fd,0.9755551028722753
ck_95e4bef65c36af1a,0.005174169892035038
ck_a725d7aed2a0bdc2,0.007903850071297618
ck_9b9d9e579e7b55b2,0.7435730291301691
ck_ea4332c8fe48e2a3,0.20089631289468324
ck_9937dad93a0ed3c1,0.19246282338561824
ck_3dc4d464386f0eb2,0.906335302505602
ck_e0e90b196bef3c11,0.07801996333265432
ck_2139062d4569aa07,0.5492360969647587
ck_8de38f8c7f91961f,0.8593603585251578
ck_bdbb4230c91e1604,0.8025259727031981
ck_f7305b3c64cf8a03,0.7980036667345691
ck_454a7e4d859a3409,0.026930128335709923
ck_00d6730134a1eb51,0.4202485231207985
ck_dd89a282375bbab6,0.7911590955388064
ck_be2251640f27a3c9,0.8172336524750459
